customer_id,first_name,last_name,email,active,create_date,address,district,postal_code,phone,city,country
218,VERA,MCCOY,VERA.MCCOY@sakilacustomer.org,1,2006-02-14 22:04:36,1168 Najafabad Parkway,Kabol,40301,886649065861,Kabul,Afghanistan
441,MARIO,CHEATHAM,MARIO.CHEATHAM@sakilacustomer.org,1,2006-02-14 22:04:37,1924 Shimonoseki Drive,Batna,52625,406784385440,Batna,Algeria
69,JUDY,GRAY,JUDY.GRAY@sakilacustomer.org,1,2006-02-14 22:04:36,1031 Daugavpils Parkway,Bechar,59025,107137400143,Bechar,Algeria
176,JUNE,CARROLL,JUNE.CARROLL@sakilacustomer.org,1,2006-02-14 22:04:36,757 Rustenburg Avenue,Skikda,89668,506134035434,Skikda,Algeria
320,ANTHONY,SCHWAB,ANTHONY.SCHWAB@sakilacustomer.org,1,2006-02-14 22:04:37,1892 Nabereznyje Telny Lane,Tutuila,28396,478229987054,Tafuna,American Samoa
528,CLAUDE,HERZOG,CLAUDE.HERZOG@sakilacustomer.org,1,2006-02-14 22:04:37,486 Ondo Parkway,Benguela,35202,105882218332,Benguela,Angola
383,MARTIN,BALES,MARTIN.BALES@sakilacustomer.org,1,2006-02-14 22:04:37,368 Hunuco Boulevard,Namibe,17165,106439158941,Namibe,Angola
381,BOBBY,BOUDREAU,BOBBY.BOUDREAU@sakilacustomer.org,1,2006-02-14 22:04:37,1368 Maracabo Boulevard,nan,32716,934352415130,South Hill,Anguilla
359,WILLIE,MARKHAM,WILLIE.MARKHAM@sakilacustomer.org,1,2006-02-14 22:04:37,1623 Kingstown Drive,Buenos Aires,91299,296394569728,Almirante Brown,Argentina
560,JORDAN,ARCHULETA,JORDAN.ARCHULETA@sakilacustomer.org,1,2006-02-14 22:04:37,1229 Varanasi (Benares) Manor,Buenos Aires,40195,817740355461,Avellaneda,Argentina
322,JASON,MORRISSEY,JASON.MORRISSEY@sakilacustomer.org,1,2006-02-14 22:04:37,1427 A Corua (La Corua) Place,Buenos Aires,85799,972574862516,Bahia Blanca,Argentina
24,KIMBERLY,LEE,KIMBERLY.LEE@sakilacustomer.org,1,2006-02-14 22:04:36,96 Tafuna Way,Cordoba,99865,934730187245,Cordoba,Argentina
445,MICHEAL,FORMAN,MICHEAL.FORMAN@sakilacustomer.org,1,2006-02-14 22:04:37,203 Tambaram Street,Buenos Aires,73942,411549550611,Escobar,Argentina
530,DARRYL,ASHCRAFT,DARRYL.ASHCRAFT@sakilacustomer.org,1,2006-02-14 22:04:37,166 Jinchang Street,Buenos Aires,86760,717566026669,Ezeiza,Argentina
89,JULIA,FLORES,JULIA.FLORES@sakilacustomer.org,1,2006-02-14 22:04:36,1926 El Alto Avenue,Buenos Aires,75543,846225459260,La Plata,Argentina
107,FLORENCE,WOODS,FLORENCE.WOODS@sakilacustomer.org,1,2006-02-14 22:04:36,1532 Dzerzinsk Way,Buenos Aires,9599,330838016880,Merlo,Argentina
585,PERRY,SWAFFORD,PERRY.SWAFFORD@sakilacustomer.org,1,2006-02-14 22:04:37,773 Dallas Manor,Buenos Aires,12664,914466027044,Quilmes,Argentina
243,LYDIA,BURKE,LYDIA.BURKE@sakilacustomer.org,1,2006-02-14 22:04:36,1483 Pathankot Street,Tucumn,37288,686015532180,San Miguel de Tucuman,Argentina
331,ERIC,ROBERT,ERIC.ROBERT@sakilacustomer.org,1,2006-02-14 22:04:37,430 Kumbakonam Drive,Santa Fe,28814,105470691550,Santa Fe,Argentina
405,LEONARD,SCHOFIELD,LEONARD.SCHOFIELD@sakilacustomer.org,1,2006-02-14 22:04:37,88 Nagaon Manor,Buenos Aires,86868,779461480495,Tandil,Argentina
219,WILLIE,HOWELL,WILLIE.HOWELL@sakilacustomer.org,1,2006-02-14 22:04:36,1244 Allappuzha (Alleppey) Place,Buenos Aires,20657,991802825778,Vicente Lopez,Argentina
41,STEPHANIE,MITCHELL,STEPHANIE.MITCHELL@sakilacustomer.org,1,2006-02-14 22:04:36,42 Brindisi Place,Yerevan,16744,42384721397,Yerevan,Armenia
173,AUDREY,RAY,AUDREY.RAY@sakilacustomer.org,1,2006-02-14 22:04:36,1010 Klerksdorp Way,Steiermark,6802,493008546874,Graz,Austria
159,JILL,HAWKINS,JILL.HAWKINS@sakilacustomer.org,1,2006-02-14 22:04:36,1440 Compton Place,North Austria,81037,931059836497,Linz,Austria
266,NORA,HERRERA,NORA.HERRERA@sakilacustomer.org,1,2006-02-14 22:04:36,1587 Loja Manor,Salzburg,5410,621625204422,Salzburg,Austria
333,ANDREW,PURDY,ANDREW.PURDY@sakilacustomer.org,1,2006-02-14 22:04:37,431 Szkesfehrvr Avenue,Baki,57828,119501405123,Baku,Azerbaijan
334,RAYMOND,MCWHORTER,RAYMOND.MCWHORTER@sakilacustomer.org,1,2006-02-14 22:04:37,503 Sogamoso Loop,Sumqayit,49812,834626715837,Sumqayit,Azerbaijan
590,SETH,HANNON,SETH.HANNON@sakilacustomer.org,1,2006-02-14 22:04:37,1759 Niznekamsk Avenue,al-Manama,39414,864392582257,al-Manama,Bahrain
332,STEPHEN,QUALLS,STEPHEN.QUALLS@sakilacustomer.org,1,2006-02-14 22:04:37,1838 Tabriz Lane,Dhaka,1195,38988715447,Dhaka,Bangladesh
329,FRANK,WAGGONER,FRANK.WAGGONER@sakilacustomer.org,1,2006-02-14 22:04:37,1816 Bydgoszcz Loop,Dhaka,64308,965273813662,Jamalpur,Bangladesh
21,MICHELLE,CLARK,MICHELLE.CLARK@sakilacustomer.org,1,2006-02-14 22:04:36,262 A Corua (La Corua) Parkway,Dhaka,34418,892775750063,Tangail,Bangladesh
527,CORY,MEEHAN,CORY.MEEHAN@sakilacustomer.org,1,2006-02-14 22:04:37,556 Asuncin Way,Mogiljov,35364,338244023543,Mogiljov,Belarus
144,CLARA,SHAW,CLARA.SHAW@sakilacustomer.org,1,2006-02-14 22:04:36,1027 Songkhla Manor,Minsk,30861,563660187896,Molodetsno,Belarus
455,JON,WILES,JON.WILES@sakilacustomer.org,1,2006-02-14 22:04:37,659 Gatineau Boulevard,La Paz,28587,205524798287,El Alto,Bolivia
431,JOEL,FRANCISCO,JOEL.FRANCISCO@sakilacustomer.org,1,2006-02-14 22:04:37,287 Cuautla Boulevard,Chuquisaca,72736,82619513349,Sucre,Bolivia
551,CLAYTON,BARBEE,CLAYTON.BARBEE@sakilacustomer.org,1,2006-02-14 22:04:37,1407 Pachuca de Soto Place,Rio Grande do Sul,26284,380077794770,Alvorada,Brazil
307,JOSEPH,JOY,JOSEPH.JOY@sakilacustomer.org,1,2006-02-14 22:04:37,1354 Siegen Street,Rio de Janeiro,80184,573441801529,Angra dos Reis,Brazil
229,TAMARA,NGUYEN,TAMARA.NGUYEN@sakilacustomer.org,1,2006-02-14 22:04:36,356 Olomouc Manor,Gois,93323,22326410776,Anapolis,Brazil
216,NATALIE,MEYER,NATALIE.MEYER@sakilacustomer.org,1,2006-02-14 22:04:36,1201 Qomsheh Manor,Gois,21464,873492228462,Aparecida de Goiania,Brazil
77,JANE,BENNETT,JANE.BENNETT@sakilacustomer.org,1,2006-02-14 22:04:36,1692 Ede Loop,Sao Paulo,9223,918711376618,Aracatuba,Brazil
398,ANTONIO,MEEK,ANTONIO.MEEK@sakilacustomer.org,1,2006-02-14 22:04:37,1190 0 Place,Rio Grande do Sul,10417,841876514789,Bage,Brazil
362,NICHOLAS,BARFIELD,NICHOLAS.BARFIELD@sakilacustomer.org,1,2006-02-14 22:04:37,1163 London Parkway,Par,6066,675120358494,Belem,Brazil
206,TERRI,VASQUEZ,TERRI.VASQUEZ@sakilacustomer.org,1,2006-02-14 22:04:36,1304 's-Hertogenbosch Way,Santa Catarina,10925,90336226227,Blumenau,Brazil
342,HAROLD,MARTINO,HAROLD.MARTINO@sakilacustomer.org,1,2006-02-14 22:04:37,1293 Nam Dinh Way,Roraima,71583,697656479977,Boa Vista,Brazil
325,TIMOTHY,BUNN,TIMOTHY.BUNN@sakilacustomer.org,1,2006-02-14 22:04:37,981 Kumbakonam Place,Distrito Federal,87611,829116184079,Brasilia,Brazil
92,TINA,SIMMONS,TINA.SIMMONS@sakilacustomer.org,1,2006-02-14 22:04:36,984 Effon-Alaiye Avenue,Gois,17119,132986892228,Goiania,Brazil
427,JESUS,MCCARTNEY,JESUS.MCCARTNEY@sakilacustomer.org,1,2006-02-14 22:04:37,259 Ipoh Drive,Sao Paulo,64964,419009857119,Guaruja,Brazil
130,CHARLOTTE,HUNTER,CHARLOTTE.HUNTER@sakilacustomer.org,1,2006-02-14 22:04:36,758 Junan Lane,Gois,82639,935448624185,Aguas Lindas de Goias,Brazil
310,DANIEL,CABRAL,DANIEL.CABRAL@sakilacustomer.org,1,2006-02-14 22:04:37,543 Bergamo Avenue,Minas Gerais,59686,103602195112,Ibirite,Brazil
47,FRANCES,PARKER,FRANCES.PARKER@sakilacustomer.org,1,2006-02-14 22:04:36,686 Garland Manor,Cear,52535,69493378813,Juazeiro do Norte,Brazil
591,KENT,ARSENAULT,KENT.ARSENAULT@sakilacustomer.org,1,2006-02-14 22:04:37,32 Liaocheng Way,Minas Gerais,1944,410877354933,Juiz de Fora,Brazil
183,IDA,ANDREWS,IDA.ANDREWS@sakilacustomer.org,1,2006-02-14 22:04:36,1839 Szkesfehrvr Parkway,Gois,55709,947468818183,Luziania,Brazil
246,MARIAN,MENDOZA,MARIAN.MENDOZA@sakilacustomer.org,1,2006-02-14 22:04:36,829 Grand Prairie Way,Parana,6461,741070712873,Maringa,Brazil
126,ELLEN,SIMPSON,ELLEN.SIMPSON@sakilacustomer.org,1,2006-02-14 22:04:36,1666 Qomsheh Drive,Sao Paulo,66255,582835362905,Poa,Brazil
254,MAXINE,SILVA,MAXINE.SILVA@sakilacustomer.org,1,2006-02-14 22:04:36,1338 Zalantun Lane,Minas Gerais,45403,840522972766,Pocos de Caldas,Brazil
74,DENISE,KELLY,DENISE.KELLY@sakilacustomer.org,1,2006-02-14 22:04:36,1206 Dos Quebradas Place,Sao Paulo,20207,241832790687,Rio Claro,Brazil
178,MARION,SNYDER,MARION.SNYDER@sakilacustomer.org,1,2006-02-14 22:04:36,1891 Rizhao Boulevard,Sao Paulo,47288,391065549876,Santa Brbara dOeste,Brazil
354,JUSTIN,NGO,JUSTIN.NGO@sakilacustomer.org,1,2006-02-14 22:04:37,519 Nyeri Manor,Sao Paulo,37650,764680915323,Santo Andre,Brazil
544,CODY,NOLEN,CODY.NOLEN@sakilacustomer.org,1,2006-02-14 22:04:37,1715 Okayama Street,Sao Paulo,55676,169352919175,Sao Bernardo do Campo,Brazil
443,FRANCISCO,SKIDMORE,FRANCISCO.SKIDMORE@sakilacustomer.org,1,2006-02-14 22:04:37,614 Denizli Parkway,Rio Grande do Sul,29444,876491807547,Sao Leopoldo,Brazil
314,GEORGE,LINTON,GEORGE.LINTON@sakilacustomer.org,1,2006-02-14 22:04:37,1957 Yantai Lane,Sao Paulo,59255,704948322302,Sorocaba,Brazil
39,DEBRA,NELSON,DEBRA.NELSON@sakilacustomer.org,1,2006-02-14 22:04:36,306 Antofagasta Place,Esprito Santo,3989,378318851631,Vila Velha,Brazil
374,JEREMY,HURTADO,JEREMY.HURTADO@sakilacustomer.org,1,2006-02-14 22:04:37,1133 Rizhao Avenue,Pernambuco,2800,600264533987,Vitoria de Santo Antao,Brazil
91,LOIS,BUTLER,LOIS.BUTLER@sakilacustomer.org,1,2006-02-14 22:04:36,1370 Le Mans Avenue,Brunei and Muara,52163,345679835036,Bandar Seri Begawan,Brunei
540,TYRONE,ASHER,TYRONE.ASHER@sakilacustomer.org,1,2006-02-14 22:04:37,191 Jos Azueta Parkway,Ruse,13629,932156667696,Ruse,Bulgaria
215,JESSIE,BANKS,JESSIE.BANKS@sakilacustomer.org,1,2006-02-14 22:04:36,1229 Valencia Parkway,Haskovo,99124,352679173732,Stara Zagora,Bulgaria
516,ELMER,NOE,ELMER.NOE@sakilacustomer.org,1,2006-02-14 22:04:37,1768 Udine Loop,Battambang,32347,448876499197,Battambang,Cambodia
228,ALLISON,STANLEY,ALLISON.STANLEY@sakilacustomer.org,1,2006-02-14 22:04:36,754 Valencia Place,Phnom Penh,87911,594319417514,Phnom Penh,Cambodia
352,ALBERT,CROUSE,ALBERT.CROUSE@sakilacustomer.org,1,2006-02-14 22:04:37,1641 Changhwa Place,Nord-Ouest,37636,256546485220,Bamenda,Cameroon
361,LAWRENCE,LAWTON,LAWRENCE.LAWTON@sakilacustomer.org,1,2006-02-14 22:04:37,114 Jalib al-Shuyukh Manor,Centre,60440,845378657301,Yaounde,Cameroon
476,DERRICK,BOURQUE,DERRICK.BOURQUE@sakilacustomer.org,1,2006-02-14 22:04:37,1153 Allende Way,Quebec,20336,856872225376,Gatineau,Canada
463,DARRELL,POWER,DARRELL.POWER@sakilacustomer.org,1,2006-02-14 22:04:37,1844 Usak Avenue,Nova Scotia,84461,164414772677,Halifax,Canada
189,LORETTA,CARPENTER,LORETTA.CARPENTER@sakilacustomer.org,1,2006-02-14 22:04:36,891 Novi Sad Manor,Ontario,5379,247646995453,Oshawa,Canada
410,CURTIS,IRBY,CURTIS.IRBY@sakilacustomer.org,1,2006-02-14 22:04:37,432 Garden Grove Street,Ontario,65630,615964523510,Richmond Hill,Canada
436,TROY,QUIGLEY,TROY.QUIGLEY@sakilacustomer.org,1,2006-02-14 22:04:37,983 Santa F Way,British Colombia,47472,145720452260,Vancouver,Canada
535,JAVIER,ELROD,JAVIER.ELROD@sakilacustomer.org,1,2006-02-14 22:04:37,195 Ilorin Street,Chari-Baguirmi,49250,8912935608,NDjamna,Chad
45,JANET,PHILLIPS,JANET.PHILLIPS@sakilacustomer.org,1,2006-02-14 22:04:36,1718 Valencia Street,Antofagasta,37359,675292816413,Antofagasta,Chile
515,ANDRE,RAPP,ANDRE.RAPP@sakilacustomer.org,1,2006-02-14 22:04:37,568 Dhule (Dhulia) Loop,Coquimbo,92568,602101369463,Coquimbo,Chile
464,JEROME,KENYON,JEROME.KENYON@sakilacustomer.org,1,2006-02-14 22:04:37,1872 Toulon Loop,OHiggins,7939,928809465153,Rancagua,Chile
538,TED,BREAUX,TED.BREAUX@sakilacustomer.org,1,2006-02-14 22:04:37,183 Haiphong Street,Jilin,69953,488600270038,Baicheng,China
495,CHARLIE,BESS,CHARLIE.BESS@sakilacustomer.org,1,2006-02-14 22:04:37,362 Rajkot Lane,Gansu,98030,962020153680,Baiyin,China
533,JESSIE,MILAM,JESSIE.MILAM@sakilacustomer.org,1,2006-02-14 22:04:37,1332 Gaziantep Lane,Shandong,22813,383353187467,Binzhou,China
197,SUE,PETERS,SUE.PETERS@sakilacustomer.org,1,2006-02-14 22:04:36,817 Bradford Loop,Ji'angsu,89459,264286442804,Changzhou,China
260,CHRISTY,VARGAS,CHRISTY.VARGAS@sakilacustomer.org,1,2006-02-14 22:04:36,1158 Mandi Bahauddin Parkway,Shanxi,98484,276555730211,Datong,China
64,JUDITH,COX,JUDITH.COX@sakilacustomer.org,0,2006-02-14 22:04:36,1966 Amroha Avenue,Sichuan,70385,333489324603,Daxian,China
466,LEO,EBERT,LEO.EBERT@sakilacustomer.org,1,2006-02-14 22:04:37,1322 Mosul Parkway,Shandong,95400,268053970382,Dongying,China
389,ALAN,KAHN,ALAN.KAHN@sakilacustomer.org,1,2006-02-14 22:04:37,753 Ilorin Avenue,Sichuan,3656,464511145118,Emeishan,China
110,TIFFANY,JORDAN,TIFFANY.JORDAN@sakilacustomer.org,1,2006-02-14 22:04:36,804 Elista Drive,Hubei,61069,379804592943,Enshi,China
313,DONALD,MAHON,DONALD.MAHON@sakilacustomer.org,1,2006-02-14 22:04:37,1774 Yaound Place,Hubei,91400,613124286867,Ezhou,China
211,STACEY,MONTGOMERY,STACEY.MONTGOMERY@sakilacustomer.org,1,2006-02-14 22:04:36,1333 Haldia Street,Jilin,82161,408304391718,Fuyu,China
281,LEONA,OBRIEN,LEONA.OBRIEN@sakilacustomer.org,1,2006-02-14 22:04:37,1308 Sumy Loop,Fujian,30657,583021225407,Fuzhou,China
552,HUGH,WALDROP,HUGH.WALDROP@sakilacustomer.org,1,2006-02-14 22:04:37,904 Clarksville Drive,Zhejiang,52234,955349440539,Haining,China
165,LORRAINE,STEPHENS,LORRAINE.STEPHENS@sakilacustomer.org,1,2006-02-14 22:04:36,154 Tallahassee Loop,Xinxiang,62250,935508855935,Hami,China
138,HAZEL,WARREN,HAZEL.WARREN@sakilacustomer.org,1,2006-02-14 22:04:36,1587 Sullana Lane,Inner Mongolia,85769,468060467018,Hohhot,China
384,ERNEST,STEPP,ERNEST.STEPP@sakilacustomer.org,1,2006-02-14 22:04:37,500 Lincoln Parkway,Ji'angsu,95509,550306965159,Huai'an,China
168,REGINA,BERRY,REGINA.BERRY@sakilacustomer.org,1,2006-02-14 22:04:36,475 Atinsk Way,Gansu,59571,201705577290,Jinchang,China
594,EDUARDO,HIATT,EDUARDO.HIATT@sakilacustomer.org,1,2006-02-14 22:04:37,1837 Kaduna Parkway,Inner Mongolia,82580,640843562301,Jining,China
595,TERRENCE,GUNDERSON,TERRENCE.GUNDERSON@sakilacustomer.org,1,2006-02-14 22:04:37,844 Bucuresti Place,Liaoning,36603,935952366111,Jinzhou,China
435,RICKY,SHELBY,RICKY.SHELBY@sakilacustomer.org,1,2006-02-14 22:04:37,722 Bradford Lane,Shandong,90920,746251338300,Junan,China
283,FELICIA,SUTTON,FELICIA.SUTTON@sakilacustomer.org,1,2006-02-14 22:04:37,226 Halifax Street,Xinxiang,58492,790651020929,Korla,China
151,MEGAN,PALMER,MEGAN.PALMER@sakilacustomer.org,1,2006-02-14 22:04:36,1560 Jelets Boulevard,Shandong,77777,189446090264,Laiwu,China
422,MELVIN,ELLINGTON,MELVIN.ELLINGTON@sakilacustomer.org,1,2006-02-14 22:04:37,1557 Cape Coral Parkway,Hubei,46875,368284120423,Laohekou,China
267,MARGIE,WADE,MARGIE.WADE@sakilacustomer.org,1,2006-02-14 22:04:36,1762 Paarl Parkway,Hunan,53928,192459639410,Lengshuijiang,China
569,DAVE,GARDINER,DAVE.GARDINER@sakilacustomer.org,1,2006-02-14 22:04:37,1052 Pathankot Avenue,Sichuan,77397,128499386727,Leshan,China
129,CARRIE,PORTER,CARRIE.PORTER@sakilacustomer.org,1,2006-02-14 22:04:36,1854 Tieli Street,Shandong,15819,509492324775,Liaocheng,China
90,RUBY,WASHINGTON,RUBY.WASHINGTON@sakilacustomer.org,1,2006-02-14 22:04:36,1952 Chatsworth Drive,Guangdong,25958,991562402283,Meixian,China
37,PAMELA,BAKER,PAMELA.BAKER@sakilacustomer.org,1,2006-02-14 22:04:36,1440 Fukuyama Loop,Henan,47929,912257250465,Nanyang,China
169,ERICA,MATTHEWS,ERICA.MATTHEWS@sakilacustomer.org,0,2006-02-14 22:04:36,1294 Firozabad Drive,Ji'angxi,70618,161801569569,Pingxiang,China
242,GLENDA,FRAZIER,GLENDA.FRAZIER@sakilacustomer.org,1,2006-02-14 22:04:36,1246 Boksburg Parkway,Hebei,28349,890283544295,Qinhuangdao,China
496,TYLER,WREN,TYLER.WREN@sakilacustomer.org,1,2006-02-14 22:04:37,1060 Tandil Lane,Shandong,72349,211256301880,Rizhao,China
546,KELLY,KNOTT,KELLY.KNOTT@sakilacustomer.org,1,2006-02-14 22:04:37,390 Wroclaw Way,Hainan,5753,357593328658,Sanya,China
424,KYLE,SPURLOCK,KYLE.SPURLOCK@sakilacustomer.org,1,2006-02-14 22:04:37,1269 Botosani Manor,Guangdong,47394,736517327853,Shanwei,China
485,CLYDE,TOBIAS,CLYDE.TOBIAS@sakilacustomer.org,1,2006-02-14 22:04:37,1909 Dayton Avenue,Guangdong,88513,702955450528,Shaoguan,China
378,EUGENE,CULPEPPER,EUGENE.CULPEPPER@sakilacustomer.org,1,2006-02-14 22:04:37,686 Donostia-San Sebastin Lane,Guangdong,97390,71857599858,Shenzhen,China
511,CHESTER,BENNER,CHESTER.BENNER@sakilacustomer.org,1,2006-02-14 22:04:37,1574 Goinia Boulevard,Heilongjiang,39529,59634255214,Suihua,China
249,DORA,MEDINA,DORA.MEDINA@sakilacustomer.org,1,2006-02-14 22:04:36,1760 Oshawa Manor,Tianjin,38140,56257502250,Tianjin,China
302,MICHAEL,SILVERMAN,MICHAEL.SILVERMAN@sakilacustomer.org,1,2006-02-14 22:04:37,1908 Gaziantep Place,Liaoning,58979,108053751300,Tiefa,China
599,AUSTIN,CINTRON,AUSTIN.CINTRON@sakilacustomer.org,1,2006-02-14 22:04:37,1325 Fukuyama Street,Heilongjiang,27107,288241215394,Tieli,China
442,LEROY,BUSTAMANTE,LEROY.BUSTAMANTE@sakilacustomer.org,1,2006-02-14 22:04:37,105 Dzerzinsk Manor,Inner Mongolia,48570,240776414296,Tongliao,China
588,MARION,OCAMPO,MARION.OCAMPO@sakilacustomer.org,1,2006-02-14 22:04:37,1464 Kursk Parkway,Shandong,17381,338758048786,Weifang,China
241,HEIDI,LARSON,HEIDI.LARSON@sakilacustomer.org,0,2006-02-14 22:04:36,1103 Bilbays Parkway,Hubei,87660,279979529227,Xi'angfan,China
67,KELLY,TORRES,KELLY.TORRES@sakilacustomer.org,1,2006-02-14 22:04:36,1586 Guaruj Place,Hunan,5135,947233365992,Xi'angtan,China
564,BOB,PFEIFFER,BOB.PFEIFFER@sakilacustomer.org,1,2006-02-14 22:04:37,415 Pune Avenue,Shandong,44274,203202500108,Xintai,China
339,WALTER,PERRYMAN,WALTER.PERRYMAN@sakilacustomer.org,1,2006-02-14 22:04:37,1909 Benguela Lane,Henan,19913,624138001031,Xinxiang,China
272,KAY,CALDWELL,KAY.CALDWELL@sakilacustomer.org,1,2006-02-14 22:04:37,85 San Felipe de Puerto Plata Drive,Shandong,46063,170739645687,Yantai,China
484,ROBERTO,VU,ROBERTO.VU@sakilacustomer.org,1,2006-02-14 22:04:37,1297 Alvorada Parkway,Ningxia,11839,508348602835,Yinchuan,China
521,ROLAND,SOUTH,ROLAND.SOUTH@sakilacustomer.org,1,2006-02-14 22:04:37,1993 0 Loop,Liaoning,41214,25865528181,Yingkou,China
154,MICHELE,GRANT,MICHELE.GRANT@sakilacustomer.org,1,2006-02-14 22:04:36,798 Cianjur Avenue,Shanxi,76990,499408708580,Yuncheng,China
324,GARY,COY,GARY.COY@sakilacustomer.org,1,2006-02-14 22:04:37,867 Benin City Avenue,Henan,78543,168884817145,Yuzhou,China
93,PHYLLIS,FOSTER,PHYLLIS.FOSTER@sakilacustomer.org,1,2006-02-14 22:04:36,832 Nakhon Sawan Manor,Inner Mongolia,49021,275595571388,Zalantun,China
514,FRANKLIN,TROUTMAN,FRANKLIN.TROUTMAN@sakilacustomer.org,1,2006-02-14 22:04:37,1778 Gijn Manor,Hubei,35156,288910576761,Zaoyang,China
550,GUY,BROWNLEE,GUY.BROWNLEE@sakilacustomer.org,1,2006-02-14 22:04:37,346 Cam Ranh Avenue,Zhejiang,39976,978430786151,Zhoushan,China
235,JACKIE,LYNCH,JACKIE.LYNCH@sakilacustomer.org,1,2006-02-14 22:04:36,98 Stara Zagora Boulevard,Valle,76448,610173756082,Buenaventura,Colombia
120,SYLVIA,ORTIZ,SYLVIA.ORTIZ@sakilacustomer.org,1,2006-02-14 22:04:36,241 Mosul Lane,Risaralda,76157,765345144779,Dos Quebradas,Colombia
460,LEON,BOSTIC,LEON.BOSTIC@sakilacustomer.org,1,2006-02-14 22:04:37,734 Tanshui Avenue,Caquet,70664,366776723320,Florencia,Colombia
180,STACY,CUNNINGHAM,STACY.CUNNINGHAM@sakilacustomer.org,1,2006-02-14 22:04:36,1410 Benin City Parkway,Risaralda,29747,104150372603,Pereira,Colombia
87,WANDA,PATTERSON,WANDA.PATTERSON@sakilacustomer.org,1,2006-02-14 22:04:36,1740 Portoviejo Avenue,Sucre,29932,198123170793,Sincelejo,Colombia
490,SAM,MCDUFFIE,SAM.MCDUFFIE@sakilacustomer.org,1,2006-02-14 22:04:37,656 Matamoros Drive,Boyac,19489,17305839123,Sogamoso,Colombia
387,JESSE,SCHILLING,JESSE.SCHILLING@sakilacustomer.org,1,2006-02-14 22:04:37,514 Ife Way,Shaba,69973,900235712074,Lubumbashi,"Congo, The Democratic Republic of the"
375,AARON,SELBY,AARON.SELBY@sakilacustomer.org,1,2006-02-14 22:04:37,1519 Santiago de los Caballeros Loop,East Kasai,22025,409315295763,Mwene-Ditu,"Congo, The Democratic Republic of the"
265,JENNIE,TERRY,JENNIE.TERRY@sakilacustomer.org,1,2006-02-14 22:04:36,682 Halisahar Place,Severn Morava,20536,475553436330,Olomouc,Czech Republic
437,RANDALL,NEUMANN,RANDALL.NEUMANN@sakilacustomer.org,1,2006-02-14 22:04:37,1245 Ibirit Way,La Romana,40926,331888642162,La Romana,Dominican Republic
418,JEFF,EAST,JEFF.EAST@sakilacustomer.org,1,2006-02-14 22:04:37,437 Chungho Drive,Puerto Plata,59489,491271355190,San Felipe de Puerto Plata,Dominican Republic
258,MYRTLE,FLEMING,MYRTLE.FLEMING@sakilacustomer.org,1,2006-02-14 22:04:36,532 Toulon Street,Santiago,69517,46871694740,Santiago de los Caballeros,Dominican Republic
589,TRACY,HERRMANN,TRACY.HERRMANN@sakilacustomer.org,1,2006-02-14 22:04:37,1074 Sanaa Parkway,Loja,22474,154124128457,Loja,Ecuador
262,PATSY,DAVIDSON,PATSY.DAVIDSON@sakilacustomer.org,1,2006-02-14 22:04:36,816 Cayenne Parkway,Manab,93629,282874611748,Portoviejo,Ecuador
494,RAMON,CHOATE,RAMON.CHOATE@sakilacustomer.org,1,2006-02-14 22:04:37,1954 Kowloon and New Kowloon Way,Chimborazo,63667,898559280434,Riobamba,Ecuador
559,EVERETT,BANDA,EVERETT.BANDA@sakilacustomer.org,1,2006-02-14 22:04:37,1741 Hoshiarpur Boulevard,al-Sharqiya,22372,855066328617,Bilbays,Egypt
233,LILLIE,KIM,LILLIE.KIM@sakilacustomer.org,1,2006-02-14 22:04:36,1736 Cavite Place,Qina,98775,431770603551,Idfu,Egypt
491,RICK,MATTOX,RICK.MATTOX@sakilacustomer.org,1,2006-02-14 22:04:37,775 ostka Drive,al-Daqahliya,22358,171973024401,Mit Ghamr,Egypt
134,EMMA,BOYD,EMMA.BOYD@sakilacustomer.org,1,2006-02-14 22:04:36,765 Southampton Drive,al-Qalyubiya,4285,23712411567,Qalyub,Egypt
423,ALFRED,CASILLAS,ALFRED.CASILLAS@sakilacustomer.org,1,2006-02-14 22:04:37,1727 Matamoros Place,Sawhaj,78813,129673677866,Sawhaj,Egypt
119,SHERRY,MARSHALL,SHERRY.MARSHALL@sakilacustomer.org,1,2006-02-14 22:04:36,1987 Coacalco de Berriozbal Loop,al-Qalyubiya,96065,787654415858,Shubra al-Khayma,Egypt
444,MARCUS,HIDALGO,MARCUS.HIDALGO@sakilacustomer.org,1,2006-02-14 22:04:37,1289 Belm Boulevard,Tartumaa,88306,237368926031,Tartu,Estonia
392,SEAN,DOUGLASS,SEAN.DOUGLASS@sakilacustomer.org,1,2006-02-14 22:04:37,614 Pak Kret Street,Addis Abeba,27796,47808359842,Addis Abeba,Ethiopia
317,EDWARD,BAUGH,EDWARD.BAUGH@sakilacustomer.org,1,2006-02-14 22:04:37,1359 Zhoushan Parkway,Streymoyar,29763,46568045367,Torshavn,Faroe Islands
298,ERIKA,PENA,ERIKA.PENA@sakilacustomer.org,1,2006-02-14 22:04:37,898 Jining Lane,Pohjois-Pohjanmaa,40070,161643343536,Oulu,Finland
402,LUIS,YANEZ,LUIS.YANEZ@sakilacustomer.org,1,2006-02-14 22:04:37,1346 Mysore Drive,Bretagne,61507,516647474029,Brest,France
162,LAUREN,HUDSON,LAUREN.HUDSON@sakilacustomer.org,1,2006-02-14 22:04:36,1740 Le Mans Loop,Pays de la Loire,22853,168476538960,Le Mans,France
104,RITA,GRAHAM,RITA.GRAHAM@sakilacustomer.org,1,2006-02-14 22:04:36,1386 Yangor Avenue,Provence-Alpes-Cte,80720,449216226468,Toulon,France
35,VIRGINIA,GREEN,VIRGINIA.GREEN@sakilacustomer.org,1,2006-02-14 22:04:36,391 Callao Drive,Midi-Pyrnes,34021,440512153169,Toulouse,France
65,ROSE,HOWARD,ROSE.HOWARD@sakilacustomer.org,1,2006-02-14 22:04:36,698 Otsu Street,Cayenne,71110,409983924481,Cayenne,French Guiana
43,CHRISTINE,ROBERTS,CHRISTINE.ROBERTS@sakilacustomer.org,1,2006-02-14 22:04:36,1447 Imus Way,Tahiti,48942,539758313890,Faaa,French Polynesia
56,GLORIA,COOK,GLORIA.COOK@sakilacustomer.org,1,2006-02-14 22:04:36,1668 Saint Louis Place,Tahiti,39072,347487831378,Papeete,French Polynesia
584,SALVADOR,TEEL,SALVADOR.TEEL@sakilacustomer.org,1,2006-02-14 22:04:37,247 Jining Parkway,Banjul,53446,170115379190,Banjul,Gambia
114,GRACE,ELLIS,GRACE.ELLIS@sakilacustomer.org,1,2006-02-14 22:04:36,442 Rae Bareli Place,Nordrhein-Westfalen,24321,886636413768,Duisburg,Germany
448,MIGUEL,BETANCOURT,MIGUEL.BETANCOURT@sakilacustomer.org,1,2006-02-14 22:04:37,319 Springs Loop,Baijeri,99552,72524459905,Erlangen,Germany
251,VICKIE,BREWER,VICKIE.BREWER@sakilacustomer.org,1,2006-02-14 22:04:36,1966 Tonghae Street,Anhalt Sachsen,36481,567359279425,Halle/Saale,Germany
196,ALMA,AUSTIN,ALMA.AUSTIN@sakilacustomer.org,1,2006-02-14 22:04:36,1074 Binzhou Manor,Baden-Wrttemberg,36490,331132568928,Mannheim,Germany
227,COLLEEN,BURTON,COLLEEN.BURTON@sakilacustomer.org,1,2006-02-14 22:04:36,430 Alessandria Loop,Saarland,47446,669828224459,Saarbrucken,Germany
195,VANESSA,SIMS,VANESSA.SIMS@sakilacustomer.org,1,2006-02-14 22:04:36,1792 Valle de la Pascua Place,Nordrhein-Westfalen,15540,419419591240,Siegen,Germany
201,VICKI,FIELDS,VICKI.FIELDS@sakilacustomer.org,1,2006-02-14 22:04:36,68 Molodetno Manor,Nordrhein-Westfalen,4662,146640639760,Witten,Germany
3,LINDA,WILLIAMS,LINDA.WILLIAMS@sakilacustomer.org,1,2006-02-14 22:04:36,692 Joliet Street,Attika,83579,448477190408,Athenai,Greece
596,ENRIQUE,FORSYTHE,ENRIQUE.FORSYTHE@sakilacustomer.org,1,2006-02-14 22:04:37,1101 Bucuresti Boulevard,West Greece,97661,199514580428,Patras,Greece
207,GERTRUDE,CASTILLO,GERTRUDE.CASTILLO@sakilacustomer.org,1,2006-02-14 22:04:36,850 Salala Loop,Kitaa,10800,403404780639,Nuuk,Greenland
26,JESSICA,HALL,JESSICA.HALL@sakilacustomer.org,1,2006-02-14 22:04:36,18 Duisburg Boulevard,nan,58327,998009777982,Citta del Vaticano,Holy See (Vatican City State)
289,VIOLET,RODRIQUEZ,VIOLET.RODRIQUEZ@sakilacustomer.org,1,2006-02-14 22:04:37,1912 Allende Manor,Kowloon and New Kowl,58124,172262454487,Kowloon and New Kowloon,Hong Kong
592,TERRANCE,ROUSH,TERRANCE.ROUSH@sakilacustomer.org,0,2006-02-14 22:04:37,42 Fontana Avenue,Fejr,14684,437829801725,Szekesfehervar,Hungary
367,ADAM,GOOCH,ADAM.GOOCH@sakilacustomer.org,1,2006-02-14 22:04:37,230 Urawa Drive,Andhra Pradesh,2738,166898395731,Adoni,India
297,SHERRI,RHODES,SHERRI.RHODES@sakilacustomer.org,1,2006-02-14 22:04:37,922 Vila Velha Loop,Maharashtra,4085,510737228015,Ahmadnagar,India
175,ANNETTE,OLSON,ANNETTE.OLSON@sakilacustomer.org,1,2006-02-14 22:04:36,431 Xi'angtan Avenue,Kerala,4854,230250973122,Allappuzha (Alleppey),India
225,ARLENE,HARVEY,ARLENE.HARVEY@sakilacustomer.org,1,2006-02-14 22:04:36,1014 Loja Manor,Tamil Nadu,66851,460795526514,Ambattur,India
534,CHRISTIAN,JUNG,CHRISTIAN.JUNG@sakilacustomer.org,0,2006-02-14 22:04:37,949 Allende Lane,Uttar Pradesh,67521,122981120653,Amroha,India
208,LUCY,WHEELER,LUCY.WHEELER@sakilacustomer.org,1,2006-02-14 22:04:36,624 Oshawa Boulevard,West Bengali,89959,49677664184,Balurghat,India
413,MARVIN,YEE,MARVIN.YEE@sakilacustomer.org,1,2006-02-14 22:04:37,126 Acua Parkway,West Bengali,58888,480039662421,Berhampore (Baharampur),India
379,CARLOS,COUGHLIN,CARLOS.COUGHLIN@sakilacustomer.org,1,2006-02-14 22:04:37,97 Mogiljov Lane,Gujarat,89294,924815207181,Bhavnagar,India
209,TONYA,CHAPMAN,TONYA.CHAPMAN@sakilacustomer.org,1,2006-02-14 22:04:36,43 Dadu Avenue,Rajasthan,4855,95666951770,Bhilwara,India
529,ERIK,GUILLEN,ERIK.GUILLEN@sakilacustomer.org,1,2006-02-14 22:04:37,635 Brest Manor,Andhra Pradesh,40899,80593242951,Bhimavaram,India
15,HELEN,HARRIS,HELEN.HARRIS@sakilacustomer.org,1,2006-02-14 22:04:36,419 Iligan Lane,Madhya Pradesh,72878,990911107354,Bhopal,India
202,CARLA,GUTIERREZ,CARLA.GUTIERREZ@sakilacustomer.org,1,2006-02-14 22:04:36,642 Nador Drive,Maharashtra,3924,369050085652,Bhusawal,India
468,TIM,CARY,TIM.CARY@sakilacustomer.org,1,2006-02-14 22:04:37,1257 Guadalajara Street,Karnataka,33599,195337700615,Bijapur,India
167,SALLY,PIERCE,SALLY.PIERCE@sakilacustomer.org,1,2006-02-14 22:04:36,1540 Wroclaw Drive,Maharashtra,62686,182363341674,Chandrapur,India
509,RAUL,FORTIER,RAUL.FORTIER@sakilacustomer.org,1,2006-02-14 22:04:37,1747 Rustenburg Place,Bihar,51369,442673923363,Chapra,India
440,BERNARD,COLBY,BERNARD.COLBY@sakilacustomer.org,1,2006-02-14 22:04:37,495 Bhimavaram Lane,Maharashtra,3,82088937724,Dhule (Dhulia),India
121,JOSEPHINE,GOMEZ,JOSEPHINE.GOMEZ@sakilacustomer.org,1,2006-02-14 22:04:36,211 Chiayi Drive,Uttar Pradesh,58186,665993880048,Etawah,India
192,LAURIE,LAWRENCE,LAURIE.LAWRENCE@sakilacustomer.org,1,2006-02-14 22:04:36,9 San Miguel de Tucumn Manor,Uttar Pradesh,90845,956188728558,Firozabad,India
117,EDITH,MCDONALD,EDITH.MCDONALD@sakilacustomer.org,1,2006-02-14 22:04:36,1967 Sincelejo Place,Gujarat,73644,577812616052,Gandhinagar,India
370,WAYNE,TRUONG,WAYNE.TRUONG@sakilacustomer.org,1,2006-02-14 22:04:37,1049 Matamoros Parkway,Karnataka,69640,960505250340,Gulbarga,India
186,HOLLY,FOX,HOLLY.FOX@sakilacustomer.org,1,2006-02-14 22:04:36,435 0 Way,West Bengali,74750,760171523969,Haldia,India
259,LENA,JENSEN,LENA.JENSEN@sakilacustomer.org,1,2006-02-14 22:04:36,1027 Banjul Place,West Bengali,50390,538241037443,Halisahar,India
412,ALLEN,BUTTERFIELD,ALLEN.BUTTERFIELD@sakilacustomer.org,1,2006-02-14 22:04:37,791 Salinas Street,Punjab,40509,129953030512,Hoshiarpur,India
136,ANITA,MORALES,ANITA.MORALES@sakilacustomer.org,1,2006-02-14 22:04:36,788 Atinsk Street,Karnataka,81691,146497509724,Hubli-Dharwad,India
60,MILDRED,BAILEY,MILDRED.BAILEY@sakilacustomer.org,1,2006-02-14 22:04:36,81 Hodeida Way,Rajasthan,55561,250767749542,Jaipur,India
32,AMY,LOPEZ,AMY.LOPEZ@sakilacustomer.org,1,2006-02-14 22:04:36,176 Mandaluyong Place,Uttar Pradesh,65213,627705991774,Jhansi,India
224,PEARL,GARZA,PEARL.GARZA@sakilacustomer.org,1,2006-02-14 22:04:36,60 Poos de Caldas Street,Rajasthan,82338,963063788669,Jodhpur,India
31,BRENDA,WRIGHT,BRENDA.WRIGHT@sakilacustomer.org,1,2006-02-14 22:04:36,33 Gorontalo Way,West Bengali,30348,745994947458,Kamarhati,India
492,LESTER,KRAUS,LESTER.KRAUS@sakilacustomer.org,1,2006-02-14 22:04:37,1013 Tabuk Boulevard,West Bengali,96203,158399646978,Kanchrapara,India
274,NAOMI,JENNINGS,NAOMI.JENNINGS@sakilacustomer.org,1,2006-02-14 22:04:37,1884 Shikarpur Avenue,Haryana,85548,959949395183,Karnal,India
419,CHAD,CARBONE,CHAD.CARBONE@sakilacustomer.org,1,2006-02-14 22:04:37,1948 Bayugan Parkway,Bihar,60622,987306329957,Katihar,India
271,PENNY,NEAL,PENNY.NEAL@sakilacustomer.org,0,2006-02-14 22:04:36,1675 Xi'angfan Manor,Tamil Nadu,11763,271149517630,Kumbakonam,India
316,STEVEN,CURLEY,STEVEN.CURLEY@sakilacustomer.org,1,2006-02-14 22:04:37,651 Pathankot Loop,Maharashtra,59811,139378397418,Miraj,India
28,CYNTHIA,YOUNG,CYNTHIA.YOUNG@sakilacustomer.org,1,2006-02-14 22:04:36,1425 Shikarpur Manor,Bihar,65599,678220867005,Munger (Monghyr),India
59,CHERYL,MURPHY,CHERYL.MURPHY@sakilacustomer.org,1,2006-02-14 22:04:36,1213 Ranchi Parkway,Karnataka,94352,800024380485,Mysore,India
152,ALICIA,MILLS,ALICIA.MILLS@sakilacustomer.org,1,2006-02-14 22:04:36,1963 Moscow Place,Assam,64863,761379480249,Nagaon,India
268,NINA,SOTO,NINA.SOTO@sakilacustomer.org,1,2006-02-14 22:04:36,1519 Ilorin Place,Kerala,49298,357445645426,Palghat (Palakkad),India
300,JOHN,FARNSWORTH,JOHN.FARNSWORTH@sakilacustomer.org,1,2006-02-14 22:04:37,41 El Alto Parkway,Maharashtra,56883,51917807050,Parbhani,India
95,PAULA,BRYANT,PAULA.BRYANT@sakilacustomer.org,1,2006-02-14 22:04:36,1697 Tanauan Lane,Punjab,22870,4764773857,Pathankot,India
296,RAMONA,HALE,RAMONA.HALE@sakilacustomer.org,1,2006-02-14 22:04:37,951 Stara Zagora Manor,Punjab,98573,429925609431,Patiala,India
421,LEE,HAWKS,LEE.HAWKS@sakilacustomer.org,1,2006-02-14 22:04:37,1661 Abha Drive,Tamil Nadu,14400,270456873752,Pudukkottai,India
135,JUANITA,MASON,JUANITA.MASON@sakilacustomer.org,1,2006-02-14 22:04:36,943 Johannesburg Avenue,Maharashtra,5892,90921003005,Pune,India
426,BRADLEY,MOTLEY,BRADLEY.MOTLEY@sakilacustomer.org,1,2006-02-14 22:04:37,1596 Acua Parkway,Jharkhand,70425,157133457169,Purnea (Purnia),India
78,LORI,WOOD,LORI.WOOD@sakilacustomer.org,1,2006-02-14 22:04:36,936 Salzburg Lane,Uttar Pradesh,96709,875756771675,Rae Bareli,India
554,DWAYNE,OLVERA,DWAYNE.OLVERA@sakilacustomer.org,1,2006-02-14 22:04:37,1447 Imus Place,Gujarat,12905,62127829280,Rajkot,India
336,JOSHUA,MARK,JOSHUA.MARK@sakilacustomer.org,1,2006-02-14 22:04:37,1920 Weifang Avenue,Uttar Pradesh,15643,869507847714,Rampur,India
358,SAMUEL,MARLOW,SAMUEL.MARLOW@sakilacustomer.org,1,2006-02-14 22:04:37,604 Bern Place,Jharkhand,5373,620719383725,Ranchi,India
217,AGNES,BISHOP,AGNES.BISHOP@sakilacustomer.org,1,2006-02-14 22:04:36,866 Shivapuri Manor,Uttar Pradesh,22474,778502731092,Sambhal,India
356,GERALD,FULTZ,GERALD.FULTZ@sakilacustomer.org,1,2006-02-14 22:04:37,45 Aparecida de Goinia Place,Madhya Pradesh,7431,650496654258,Satna,India
238,NELLIE,GARRETT,NELLIE.GARRETT@sakilacustomer.org,1,2006-02-14 22:04:36,1964 Gijn Manor,Karnataka,14408,918119601885,Shimoga,India
68,NICOLE,PETERSON,NICOLE.PETERSON@sakilacustomer.org,1,2006-02-14 22:04:36,57 Arlington Manor,Madhya Pradesh,48960,990214419142,Shivapuri,India
502,BRETT,CORNWELL,BRETT.CORNWELL@sakilacustomer.org,1,2006-02-14 22:04:37,1197 Sokoto Boulevard,West Bengali,87687,868602816371,Siliguri (Shiliguri),India
287,BECKY,MILES,BECKY.MILES@sakilacustomer.org,1,2006-02-14 22:04:37,1993 Tabuk Lane,Tamil Nadu,64221,648482415405,Tambaram,India
170,BEATRICE,ARNOLD,BEATRICE.ARNOLD@sakilacustomer.org,1,2006-02-14 22:04:36,1877 Ezhou Lane,Rajasthan,63337,264541743403,Udaipur,India
446,THEODORE,CULP,THEODORE.CULP@sakilacustomer.org,0,2006-02-14 22:04:37,1704 Tambaram Manor,West Bengali,2834,39463554936,Uluberia,India
231,GEORGIA,JACOBS,GEORGIA.JACOBS@sakilacustomer.org,1,2006-02-14 22:04:36,954 Kimchon Place,West Bengali,42420,541327526474,Uttarpara-Kotrung,India
403,MIKE,WAY,MIKE.WAY@sakilacustomer.org,1,2006-02-14 22:04:37,990 Etawah Loop,Tamil Nadu,79940,206169448769,Valparai,India
123,SHANNON,FREEMAN,SHANNON.FREEMAN@sakilacustomer.org,1,2006-02-14 22:04:36,117 Boa Vista Way,Uttar Pradesh,6804,677976133614,Varanasi (Benares),India
508,MILTON,HOWLAND,MILTON.HOWLAND@sakilacustomer.org,1,2006-02-14 22:04:37,758 Korolev Parkway,Andhra Pradesh,75474,441628280920,Vijayawada,India
12,NANCY,THOMAS,NANCY.THOMAS@sakilacustomer.org,1,2006-02-14 22:04:36,808 Bhopal Manor,Haryana,10672,465887807014,Yamuna Nagar,India
411,NORMAN,CURRIER,NORMAN.CURRIER@sakilacustomer.org,1,2006-02-14 22:04:37,1445 Carmen Parkway,West Java,70809,598912394463,Cianjur,Indonesia
239,MINNIE,ROMERO,MINNIE.ROMERO@sakilacustomer.org,1,2006-02-14 22:04:36,47 Syktyvkar Lane,West Java,22236,63937119031,Ciomas,Indonesia
328,JEFFREY,SPEAR,JEFFREY.SPEAR@sakilacustomer.org,1,2006-02-14 22:04:37,1860 Taguig Loop,West Java,59550,38158430589,Ciparay,Indonesia
203,TARA,RYAN,TARA.RYAN@sakilacustomer.org,1,2006-02-14 22:04:36,1688 Nador Lane,Sulawesi Utara,61613,652218196731,Gorontalo,Indonesia
153,SUZANNE,NICHOLS,SUZANNE.NICHOLS@sakilacustomer.org,1,2006-02-14 22:04:36,456 Escobar Way,Jakarta Raya,36061,719202533520,Jakarta,Indonesia
473,JORGE,OLIVARES,JORGE.OLIVARES@sakilacustomer.org,1,2006-02-14 22:04:37,1078 Stara Zagora Drive,Aceh,69221,932992626595,Lhokseumawe,Indonesia
500,REGINALD,KINDER,REGINALD.KINDER@sakilacustomer.org,1,2006-02-14 22:04:37,519 Brescia Parkway,East Java,69504,793996678771,Madiun,Indonesia
542,LONNIE,TIRADO,LONNIE.TIRADO@sakilacustomer.org,1,2006-02-14 22:04:37,1658 Cuman Loop,Sumatera Selatan,51309,784907335610,Pangkal Pinang,Indonesia
116,VICTORIA,GIBSON,VICTORIA.GIBSON@sakilacustomer.org,1,2006-02-14 22:04:36,544 Malm Parkway,Central Java,63502,386759646229,Pemalang,Indonesia
506,LESLIE,SEWARD,LESLIE.SEWARD@sakilacustomer.org,1,2006-02-14 22:04:37,1152 al-Qatif Lane,Kalimantan Barat,44816,131370665218,Pontianak,Indonesia
372,STEVE,MACKENZIE,STEVE.MACKENZIE@sakilacustomer.org,1,2006-02-14 22:04:37,154 Oshawa Manor,East Java,72771,440365973660,Probolinggo,Indonesia
524,JARED,ELY,JARED.ELY@sakilacustomer.org,1,2006-02-14 22:04:37,1003 Qinhuangdao Street,West Java,25972,35533115997,Purwakarta,Indonesia
450,JAY,ROBB,JAY.ROBB@sakilacustomer.org,1,2006-02-14 22:04:37,1947 Paarl Way,Central Java,23636,834061016202,Surakarta,Indonesia
458,LLOYD,DOWD,LLOYD.DOWD@sakilacustomer.org,1,2006-02-14 22:04:37,935 Aden Boulevard,Central Java,64709,335052544020,Tegal,Indonesia
36,KATHLEEN,ADAMS,KATHLEEN.ADAMS@sakilacustomer.org,1,2006-02-14 22:04:36,334 Munger (Monghyr) Lane,Markazi,38145,481183273622,Arak,Iran
10,DOROTHY,TAYLOR,DOROTHY.TAYLOR@sakilacustomer.org,1,2006-02-14 22:04:36,1531 Sal Drive,Esfahan,53628,648856936185,Esfahan,Iran
377,HOWARD,FORTNER,HOWARD.FORTNER@sakilacustomer.org,1,2006-02-14 22:04:37,220 Hidalgo Drive,Kermanshah,45298,342720754566,Kermanshah,Iran
368,HARRY,ARCE,HARRY.ARCE@sakilacustomer.org,0,2006-02-14 22:04:37,1922 Miraj Way,Esfahan,13203,320471479776,Najafabad,Iran
459,TOMMY,COLLAZO,TOMMY.COLLAZO@sakilacustomer.org,1,2006-02-14 22:04:37,76 Kermanshah Manor,Esfahan,23343,762361821578,Qomsheh,Iran
185,ROBERTA,HARPER,ROBERTA.HARPER@sakilacustomer.org,1,2006-02-14 22:04:36,927 Barcelona Street,Chaharmahal va Bakht,65121,951486492670,Shahr-e Kord,Iran
449,OSCAR,AQUINO,OSCAR.AQUINO@sakilacustomer.org,1,2006-02-14 22:04:37,956 Nam Dinh Manor,Kerman,21872,474047727727,Sirjan,Iran
279,DIANNE,SHELTON,DIANNE.SHELTON@sakilacustomer.org,1,2006-02-14 22:04:37,600 Bradford Street,East Azerbaidzan,96204,117592274996,Tabriz,Iran
579,DARYL,LARUE,DARYL.LARUE@sakilacustomer.org,1,2006-02-14 22:04:37,1208 Tama Loop,Ninawa,73605,954786054144,Mosul,Iraq
102,CRYSTAL,FORD,CRYSTAL.FORD@sakilacustomer.org,1,2006-02-14 22:04:36,659 Vaduz Drive,Ha Darom,49708,709935135487,Ashdod,Israel
478,LEWIS,LYMAN,LEWIS.LYMAN@sakilacustomer.org,1,2006-02-14 22:04:37,632 Usolje-Sibirskoje Parkway,Ha Darom,73085,667648979883,Ashqelon,Israel
315,KENNETH,GOODEN,KENNETH.GOODEN@sakilacustomer.org,0,2006-02-14 22:04:37,1542 Lubumbashi Boulevard,Tel Aviv,62472,508800331065,Bat Yam,Israel
161,GERALDINE,PERKINS,GERALDINE.PERKINS@sakilacustomer.org,1,2006-02-14 22:04:36,97 Shimoga Avenue,Tel Aviv,44660,177167004331,Tel Aviv-Jaffa,Israel
33,ANNA,HILL,ANNA.HILL@sakilacustomer.org,1,2006-02-14 22:04:36,127 Purnea (Purnia) Manor,Piemonte,79388,911872220378,Alessandria,Italy
439,ALEXANDER,FENNELL,ALEXANDER.FENNELL@sakilacustomer.org,1,2006-02-14 22:04:37,231 Kaliningrad Place,Lombardia,57833,575081026569,Bergamo,Italy
309,CHRISTOPHER,GRECO,CHRISTOPHER.GRECO@sakilacustomer.org,1,2006-02-14 22:04:37,1224 Huejutla de Reyes Boulevard,Lombardia,70923,806016930576,Brescia,Italy
499,MARC,OUTLAW,MARC.OUTLAW@sakilacustomer.org,1,2006-02-14 22:04:37,1 Valle de Santiago Avenue,Apulia,86208,465897838272,Brindisi,Italy
541,DARREN,WINDHAM,DARREN.WINDHAM@sakilacustomer.org,1,2006-02-14 22:04:37,379 Lublin Parkway,Toscana,74568,921960450089,Livorno,Italy
221,BESSIE,MORRISON,BESSIE.MORRISON@sakilacustomer.org,1,2006-02-14 22:04:36,1926 Gingoog Street,Sisilia,22824,469738825391,Syrakusa,Italy
525,ADRIAN,CLARY,ADRIAN.CLARY@sakilacustomer.org,1,2006-02-14 22:04:37,1986 Sivas Place,Friuli-Venezia Giuli,95775,182059202712,Udine,Italy
574,JULIAN,VEST,JULIAN.VEST@sakilacustomer.org,1,2006-02-14 22:04:37,923 Tangail Boulevard,Tokyo-to,33384,315528269898,Akishima,Japan
141,DEBBIE,REYES,DEBBIE.REYES@sakilacustomer.org,1,2006-02-14 22:04:36,928 Jaffna Loop,Hiroshima,93762,581852137991,Fukuyama,Japan
264,GWENDOLYN,MAY,GWENDOLYN.MAY@sakilacustomer.org,1,2006-02-14 22:04:36,446 Kirovo-Tepetsk Lane,Osaka,19428,303967439816,Higashiosaka,Japan
194,KRISTEN,CHAVEZ,KRISTEN.CHAVEZ@sakilacustomer.org,1,2006-02-14 22:04:36,345 Oshawa Boulevard,Tokyo-to,32114,104491201771,Hino,Japan
299,JAMES,GANNON,JAMES.GANNON@sakilacustomer.org,1,2006-02-14 22:04:37,1635 Kuwana Boulevard,Hiroshima,52137,710603868323,Hiroshima,Japan
519,RON,DELUCA,RON.DELUCA@sakilacustomer.org,1,2006-02-14 22:04:37,1949 Sanya Street,Gumma,61244,132100972047,Isesaki,Japan
240,MARLENE,WELCH,MARLENE.WELCH@sakilacustomer.org,1,2006-02-14 22:04:36,1148 Saarbrcken Parkway,Fukushima,1921,137773001988,Iwaki,Japan
54,TERESA,ROGERS,TERESA.ROGERS@sakilacustomer.org,1,2006-02-14 22:04:36,1964 Allappuzha (Alleppey) Street,Yamaguchi,48980,920811325222,Iwakuni,Japan
396,EARL,SHANKS,EARL.SHANKS@sakilacustomer.org,1,2006-02-14 22:04:37,168 Cianjur Manor,Saitama,73824,679095087143,Iwatsuki,Japan
391,CLARENCE,GAMEZ,CLARENCE.GAMEZ@sakilacustomer.org,1,2006-02-14 22:04:37,767 Pyongyang Drive,Osaka,83536,667736124769,Izumisano,Japan
163,CATHY,SPENCER,CATHY.SPENCER@sakilacustomer.org,1,2006-02-14 22:04:36,1287 Xi'angfan Boulevard,Gifu,57844,819416131190,Kakamigahara,Japan
79,RACHEL,BARNES,RACHEL.BARNES@sakilacustomer.org,1,2006-02-14 22:04:36,586 Tete Way,Kanagawa,1079,18581624103,Kamakura,Japan
547,KURT,EMMONS,KURT.EMMONS@sakilacustomer.org,1,2006-02-14 22:04:37,1421 Quilmes Lane,Ishikawa,19151,135407755975,Kanazawa,Japan
401,TONY,CARRANZA,TONY.CARRANZA@sakilacustomer.org,1,2006-02-14 22:04:37,454 Patiala Lane,Fukushima,13496,794553031307,Koriyama,Japan
34,REBECCA,SCOTT,REBECCA.SCOTT@sakilacustomer.org,1,2006-02-14 22:04:36,61 Tama Street,Okayama,94065,708403338270,Kurashiki,Japan
531,JAMIE,WAUGH,JAMIE.WAUGH@sakilacustomer.org,1,2006-02-14 22:04:37,958 Sagamihara Lane,Mie,88408,427274926505,Kuwana,Japan
355,TERRY,GRISSOM,TERRY.GRISSOM@sakilacustomer.org,1,2006-02-14 22:04:37,619 Hunuco Avenue,Shimane,81508,142596392389,Matsue,Japan
253,TERRY,CARLSON,TERRY.CARLSON@sakilacustomer.org,1,2006-02-14 22:04:36,752 Ondo Loop,Miyazaki,32474,134673576619,Miyakonojo,Japan
53,HEATHER,MORRIS,HEATHER.MORRIS@sakilacustomer.org,1,2006-02-14 22:04:36,17 Kabul Boulevard,Chiba,38594,697760867968,Nagareyama,Japan
489,RICARDO,MEADOR,RICARDO.MEADOR@sakilacustomer.org,1,2006-02-14 22:04:37,591 Sungai Petani Drive,Okayama,46400,37247325001,Okayama,Japan
365,BRUCE,SCHWARZ,BRUCE.SCHWARZ@sakilacustomer.org,1,2006-02-14 22:04:37,1565 Tangail Manor,Okinawa,45750,634445428822,Okinawa,Japan
404,STANLEY,SCROGGINS,STANLEY.SCROGGINS@sakilacustomer.org,1,2006-02-14 22:04:37,1266 Laredo Parkway,Saitama,7664,1483365694,Omiya,Japan
337,JERRY,JORDON,JERRY.JORDON@sakilacustomer.org,1,2006-02-14 22:04:37,124 al-Manama Way,Hiroshima,52368,647899404952,Onomichi,Japan
285,MIRIAM,MCKINNEY,MIRIAM.MCKINNEY@sakilacustomer.org,1,2006-02-14 22:04:37,1336 Benin City Drive,Shiga,46044,341242939532,Otsu,Japan
11,LISA,ANDERSON,LISA.ANDERSON@sakilacustomer.org,1,2006-02-14 22:04:36,1542 Tarlac Parkway,Kanagawa,1027,635297277345,Sagamihara,Japan
1,MARY,SMITH,MARY.SMITH@sakilacustomer.org,1,2006-02-14 22:04:36,1913 Hanoi Way,Nagasaki,35200,28303384290,Sasebo,Japan
29,ANGELA,HERNANDEZ,ANGELA.HERNANDEZ@sakilacustomer.org,1,2006-02-14 22:04:36,786 Aurora Avenue,Yamaguchi,65750,18461860151,Shimonoseki,Japan
385,PHILLIP,HOLM,PHILLIP.HOLM@sakilacustomer.org,1,2006-02-14 22:04:37,102 Chapra Drive,Ibaragi,14073,776031833752,Tama,Japan
429,FREDERICK,ISBELL,FREDERICK.ISBELL@sakilacustomer.org,1,2006-02-14 22:04:37,1404 Taguig Drive,Okayama,87212,572068624538,Tsuyama,Japan
503,ANGEL,BARCLAY,ANGEL.BARCLAY@sakilacustomer.org,1,2006-02-14 22:04:37,496 Celaya Drive,Nagano,90797,759586584889,Ueda,Japan
147,JOANNE,ROBERTSON,JOANNE.ROBERTSON@sakilacustomer.org,1,2006-02-14 22:04:36,1337 Lincoln Parkway,Saitama,99457,597815221267,Urawa,Japan
76,IRENE,PRICE,IRENE.PRICE@sakilacustomer.org,1,2006-02-14 22:04:36,602 Paarl Street,Pavlodar,98889,896314772871,Pavlodar,Kazakstan
573,BYRON,BOX,BYRON.BOX@sakilacustomer.org,1,2006-02-14 22:04:37,521 San Juan Bautista Tuxtepec Place,Qaraghandy,95093,844018348565,Zhezqazghan,Kazakstan
193,KATIE,ELLIOTT,KATIE.ELLIOTT@sakilacustomer.org,1,2006-02-14 22:04:36,447 Surakarta Loop,Nyanza,10428,940830176580,Kisumu,Kenya
363,ROY,WHITING,ROY.WHITING@sakilacustomer.org,1,2006-02-14 22:04:37,1658 Jastrzebie-Zdrj Loop,Central,96584,568367775448,Nyeri,Kenya
234,CLAUDIA,FULLER,CLAUDIA.FULLER@sakilacustomer.org,1,2006-02-14 22:04:36,346 Skikda Parkway,Hawalli,90628,630424482919,Jalib al-Shuyukh,Kuwait
347,RYAN,SALISBURY,RYAN.SALISBURY@sakilacustomer.org,1,2006-02-14 22:04:37,1673 Tangail Drive,Daugavpils,26857,627924259271,Daugavpils,Latvia
23,SARAH,LEWIS,SARAH.LEWIS@sakilacustomer.org,1,2006-02-14 22:04:36,1780 Hino Boulevard,Liepaja,7716,902731229323,Liepaja,Latvia
57,EVELYN,MORGAN,EVELYN.MORGAN@sakilacustomer.org,1,2006-02-14 22:04:36,943 Tokat Street,Vaduz,45428,889318963672,Vaduz,Liechtenstein
557,FELIX,GAFFNEY,FELIX.GAFFNEY@sakilacustomer.org,1,2006-02-14 22:04:37,1059 Yuncheng Avenue,Vilna,47498,107092893983,Vilnius,Lithuania
81,ANDREA,HENDERSON,ANDREA.HENDERSON@sakilacustomer.org,1,2006-02-14 22:04:36,320 Baiyin Parkway,Mahajanga,37307,223664661973,Mahajanga,Madagascar
166,LYNN,PAYNE,LYNN.PAYNE@sakilacustomer.org,1,2006-02-14 22:04:36,710 San Felipe del Progreso Avenue,Lilongwe,76901,843801144113,Lilongwe,Malawi
171,DOLORES,WAGNER,DOLORES.WAGNER@sakilacustomer.org,1,2006-02-14 22:04:36,316 Uruapan Street,Perak,58194,275788967899,Ipoh,Malaysia
58,JEAN,BELL,JEAN.BELL@sakilacustomer.org,1,2006-02-14 22:04:36,1114 Liepaja Street,Sarawak,69226,212869228936,Kuching,Malaysia
306,CHARLES,KOWALSKI,CHARLES.KOWALSKI@sakilacustomer.org,1,2006-02-14 22:04:37,715 So Bernardo do Campo Lane,Kedah,84804,181179321332,Sungai Petani,Malaysia
486,GLEN,TALBERT,GLEN.TALBERT@sakilacustomer.org,1,2006-02-14 22:04:37,1789 Saint-Denis Parkway,Coahuila de Zaragoza,8268,936806643983,Acuna,Mexico
414,VINCENT,RALSTON,VINCENT.RALSTON@sakilacustomer.org,1,2006-02-14 22:04:37,397 Sunnyvale Avenue,Guanajuato,55566,680851640676,Allende,Mexico
84,SARA,PERRY,SARA.PERRY@sakilacustomer.org,1,2006-02-14 22:04:36,125 Citt del Vaticano Boulevard,Puebla,67912,48417642933,Atlixco,Mexico
578,WILLARD,LUMPKIN,WILLARD.LUMPKIN@sakilacustomer.org,1,2006-02-14 22:04:37,1819 Alessandria Loop,Campeche,53829,377633994405,Carmen,Mexico
587,SERGIO,STANFIELD,SERGIO.STANFIELD@sakilacustomer.org,1,2006-02-14 22:04:37,1402 Zanzibar Boulevard,Guanajuato,71102,387448063440,Celaya,Mexico
247,STELLA,MORENO,STELLA.MORENO@sakilacustomer.org,1,2006-02-14 22:04:36,1473 Changhwa Parkway,Mxico,75933,266798132374,Coacalco de Berriozabal,Mexico
482,MAURICE,CRAWLEY,MAURICE.CRAWLEY@sakilacustomer.org,0,2006-02-14 22:04:37,1785 So Bernardo do Campo Street,Veracruz,71182,684529463244,Coatzacoalcos,Mexico
467,ALVIN,DELOACH,ALVIN.DELOACH@sakilacustomer.org,1,2006-02-14 22:04:37,1447 Chatsworth Place,Chihuahua,41545,769370126331,Cuauhtemoc,Mexico
323,MATTHEW,MAHAN,MATTHEW.MAHAN@sakilacustomer.org,1,2006-02-14 22:04:37,479 San Felipe del Progreso Avenue,Morelos,54949,869051782691,Cuautla,Mexico
575,ISAAC,OGLESBY,ISAAC.OGLESBY@sakilacustomer.org,1,2006-02-14 22:04:37,186 Skikda Lane,Morelos,89422,14465669789,Cuernavaca,Mexico
451,JIM,REA,JIM.REA@sakilacustomer.org,1,2006-02-14 22:04:37,814 Simferopol Loop,Sinaloa,48745,524567129902,El Fuerte,Mexico
364,BENJAMIN,VARNEY,BENJAMIN.VARNEY@sakilacustomer.org,1,2006-02-14 22:04:37,817 Laredo Avenue,Jalisco,77449,151249681135,Guadalajara,Mexico
150,DANIELLE,DANIELS,DANIELLE.DANIELS@sakilacustomer.org,1,2006-02-14 22:04:36,781 Shimonoseki Drive,Michoacn de Ocampo,95444,632316273199,Hidalgo,Mexico
582,ANDY,VANHORN,ANDY.VANHORN@sakilacustomer.org,1,2006-02-14 22:04:37,966 Asuncin Way,Hidalgo,62703,995527378381,Huejutla de Reyes,Mexico
108,TRACY,COLE,TRACY.COLE@sakilacustomer.org,1,2006-02-14 22:04:36,1002 Ahmadnagar Manor,Mxico,93026,371490777743,Huixquilucan,Mexico
581,VIRGIL,WOFFORD,VIRGIL.WOFFORD@sakilacustomer.org,1,2006-02-14 22:04:37,760 Miyakonojo Drive,Guerrero,64682,294449058179,Jose Azueta,Mexico
369,FRED,WHEAT,FRED.WHEAT@sakilacustomer.org,1,2006-02-14 22:04:37,433 Florencia Street,Chihuahua,91330,561729882725,Juarez,Mexico
488,SHANE,MILLARD,SHANE.MILLARD@sakilacustomer.org,1,2006-02-14 22:04:37,184 Mandaluyong Street,Baja California Sur,94239,488425406814,La Paz,Mexico
177,SAMANTHA,DUNCAN,SAMANTHA.DUNCAN@sakilacustomer.org,1,2006-02-14 22:04:36,146 Johannesburg Way,Tamaulipas,54132,953689007081,Matamoros,Mexico
343,DOUGLAS,GRAF,DOUGLAS.GRAF@sakilacustomer.org,1,2006-02-14 22:04:37,785 Vaduz Street,Baja California,36170,895616862749,Mexicali,Mexico
570,IVAN,CROMWELL,IVAN.CROMWELL@sakilacustomer.org,1,2006-02-14 22:04:37,1351 Sousse Lane,Coahuila de Zaragoza,37815,203804046132,Monclova,Mexico
115,WENDY,HARRISON,WENDY.HARRISON@sakilacustomer.org,1,2006-02-14 22:04:36,1107 Nakhon Sawan Avenue,Mxico,75149,867546627903,Nezahualcoyotl,Mexico
353,JONATHAN,SCARBOROUGH,JONATHAN.SCARBOROUGH@sakilacustomer.org,1,2006-02-14 22:04:37,1698 Southport Loop,Hidalgo,49009,754358349853,Pachuca de Soto,Mexico
273,PRISCILLA,LOWE,PRISCILLA.LOWE@sakilacustomer.org,1,2006-02-14 22:04:37,144 South Hill Loop,Guanajuato,2012,45387294817,Salamanca,Mexico
319,RONALD,WEINER,RONALD.WEINER@sakilacustomer.org,1,2006-02-14 22:04:37,1145 Vilnius Manor,Mxico,73170,674805712553,San Felipe del Progreso,Mexico
425,FRANCIS,SIKES,FRANCIS.SIKES@sakilacustomer.org,1,2006-02-14 22:04:37,355 Vitria de Santo Anto Way,Oaxaca,81758,548003849552,San Juan Bautista Tuxtepec,Mexico
133,PAULINE,HENRY,PAULINE.HENRY@sakilacustomer.org,1,2006-02-14 22:04:36,261 Saint Louis Way,Coahuila de Zaragoza,83401,321944036800,Torreon,Mexico
454,ALEX,GRESHAM,ALEX.GRESHAM@sakilacustomer.org,1,2006-02-14 22:04:37,251 Florencia Drive,Michoacn de Ocampo,16119,118011831565,Uruapan,Mexico
288,BOBBIE,CRAIG,BOBBIE.CRAIG@sakilacustomer.org,1,2006-02-14 22:04:37,86 Higashiosaka Lane,Guanajuato,33768,957128697225,Valle de Santiago,Mexico
465,FLOYD,GANDY,FLOYD.GANDY@sakilacustomer.org,1,2006-02-14 22:04:37,1088 Ibirit Place,Jalisco,88502,49084281333,Zapopan,Mexico
38,MARTHA,GONZALEZ,MARTHA.GONZALEZ@sakilacustomer.org,1,2006-02-14 22:04:36,269 Cam Ranh Parkway,Chisinau,34689,489783829737,Chisinau,Moldova
543,LANCE,PEMBERTON,LANCE.PEMBERTON@sakilacustomer.org,1,2006-02-14 22:04:37,454 Qinhuangdao Drive,Tadla-Azilal,25866,786270036240,Beni-Mellal,Morocco
40,AMANDA,CARTER,AMANDA.CARTER@sakilacustomer.org,1,2006-02-14 22:04:36,671 Graz Street,Oriental,94399,680768868518,Nador,Morocco
22,LAURA,RODRIGUEZ,LAURA.RODRIGUEZ@sakilacustomer.org,1,2006-02-14 22:04:36,28 Charlotte Amalie Street,Rabat-Sal-Zammour-Z,37551,161968374323,Sale,Morocco
257,MARSHA,DOUGLAS,MARSHA.DOUGLAS@sakilacustomer.org,1,2006-02-14 22:04:36,771 Yaound Manor,Sofala,86768,245477603573,Beira,Mozambique
433,DON,BONE,DON.BONE@sakilacustomer.org,1,2006-02-14 22:04:37,596 Huixquilucan Place,Nampula,65892,342709348083,Nacala-Porto,Mozambique
97,ANNIE,RUSSELL,ANNIE.RUSSELL@sakilacustomer.org,1,2006-02-14 22:04:36,1599 Plock Drive,Tete,71986,817248913162,Tete,Mozambique
256,MABEL,HOLLAND,MABEL.HOLLAND@sakilacustomer.org,1,2006-02-14 22:04:36,51 Laredo Avenue,Sagaing,68146,884536620568,Monywa,Myanmar
4,BARBARA,JONES,BARBARA.JONES@sakilacustomer.org,1,2006-02-14 22:04:36,1566 Inegl Manor,Mandalay,53561,705814003527,Myingyan,Myanmar
513,DUANE,TUBBS,DUANE.TUBBS@sakilacustomer.org,1,2006-02-14 22:04:37,962 Tama Loop,nan,65952,282667506728,Yangor,Nauru
321,KEVIN,SCHULER,KEVIN.SCHULER@sakilacustomer.org,1,2006-02-14 22:04:37,470 Boksburg Street,Central,97960,908029859266,Birgunj,Nepal
415,GLENN,PULLEN,GLENN.PULLEN@sakilacustomer.org,1,2006-02-14 22:04:37,992 Klerksdorp Loop,Utrecht,33711,855290087237,Amersfoort,Netherlands
137,RHONDA,KENNEDY,RHONDA.KENNEDY@sakilacustomer.org,1,2006-02-14 22:04:36,1749 Daxian Place,Gelderland,11044,963369996279,Apeldoorn,Netherlands
341,PETER,MENARD,PETER.MENARD@sakilacustomer.org,1,2006-02-14 22:04:37,1217 Konotop Avenue,Gelderland,504,718917251754,Ede,Netherlands
474,DUSTIN,GILLETTE,DUSTIN.GILLETTE@sakilacustomer.org,1,2006-02-14 22:04:37,1854 Okara Boulevard,Drenthe,42123,131912793873,Emmen,Netherlands
184,VIVIAN,RUIZ,VIVIAN.RUIZ@sakilacustomer.org,1,2006-02-14 22:04:36,741 Ambattur Manor,Noord-Brabant,43310,302590383819,'s-Hertogenbosch,Netherlands
8,SUSAN,WILSON,SUSAN.WILSON@sakilacustomer.org,1,2006-02-14 22:04:36,478 Joliet Way,Hamilton,77948,657282285970,Hamilton,New Zealand
284,SONIA,GREGORY,SONIA.GREGORY@sakilacustomer.org,1,2006-02-14 22:04:37,1279 Udine Parkway,Edo & Delta,75860,195003555232,Benin City,Nigeria
409,RODNEY,MOELLER,RODNEY.MOELLER@sakilacustomer.org,1,2006-02-14 22:04:37,1936 Lapu-Lapu Parkway,Bauchi & Gombe,7122,653436985797,Deba Habe,Nigeria
286,VELMA,LUCAS,VELMA.LUCAS@sakilacustomer.org,1,2006-02-14 22:04:37,1155 Liaocheng Place,Oyo & Osun,22650,558236142492,Effon-Alaiye,Nigeria
80,MARILYN,ROSS,MARILYN.ROSS@sakilacustomer.org,1,2006-02-14 22:04:36,1888 Kabul Drive,Oyo & Osun,20936,701457319790,Ife,Nigeria
198,ELSIE,KELLEY,ELSIE.KELLEY@sakilacustomer.org,1,2006-02-14 22:04:36,955 Bamenda Way,Ondo & Ekiti,1545,768481779568,Ikerre,Nigeria
103,GLADYS,HAMILTON,GLADYS.HAMILTON@sakilacustomer.org,1,2006-02-14 22:04:36,1177 Jelets Way,Kwara & Kogi,3305,484292626944,Ilorin,Nigeria
18,CAROL,GARCIA,CAROL.GARCIA@sakilacustomer.org,1,2006-02-14 22:04:36,320 Brest Avenue,Kaduna,43331,747791594069,Kaduna,Nigeria
277,OLGA,JIMENEZ,OLGA.JIMENEZ@sakilacustomer.org,1,2006-02-14 22:04:37,556 Baybay Manor,Oyo & Osun,55802,363982224739,Ogbomosho,Nigeria
156,BERTHA,FERGUSON,BERTHA.FERGUSON@sakilacustomer.org,1,2006-02-14 22:04:36,1367 Yantai Manor,Ondo & Ekiti,21294,889538496300,Ondo,Nigeria
280,TRACEY,BARRETT,TRACEY.BARRETT@sakilacustomer.org,1,2006-02-14 22:04:37,1006 Santa Brbara dOeste Manor,Ondo & Ekiti,36229,85059738746,Owo,Nigeria
250,JO,FOWLER,JO.FOWLER@sakilacustomer.org,1,2006-02-14 22:04:36,786 Stara Zagora Way,Oyo & Osun,98332,716256596301,Oyo,Nigeria
562,WALLACE,SLONE,WALLACE.SLONE@sakilacustomer.org,1,2006-02-14 22:04:37,1342 Sharja Way,Sokoto & Kebbi & Zam,93655,946114054231,Sokoto,Nigeria
232,CONSTANCE,REID,CONSTANCE.REID@sakilacustomer.org,1,2006-02-14 22:04:36,885 Yingkou Manor,Kaduna,31390,588964509072,Zaria,Nigeria
157,DARLENE,ROSE,DARLENE.ROSE@sakilacustomer.org,1,2006-02-14 22:04:36,1386 Nakhon Sawan Boulevard,Pyongyang-si,53502,368899174225,Pyongyang,North Korea
9,MARGARET,MOORE,MARGARET.MOORE@sakilacustomer.org,1,2006-02-14 22:04:36,613 Korolev Drive,Masqat,45844,380657522649,Masqat,Oman
498,GENE,SANBORN,GENE.SANBORN@sakilacustomer.org,1,2006-02-14 22:04:37,1416 San Juan Bautista Tuxtepec Avenue,Zufar,50592,144206758053,Salala,Oman
416,JEFFERY,PINSON,JEFFERY.PINSON@sakilacustomer.org,1,2006-02-14 22:04:37,966 Arecibo Loop,Sind,94018,15273765306,Dadu,Pakistan
223,MELINDA,FERNANDEZ,MELINDA.FERNANDEZ@sakilacustomer.org,1,2006-02-14 22:04:36,1820 Maring Parkway,Punjab,88307,99760893676,Mandi Bahauddin,Pakistan
20,SHARON,ROBINSON,SHARON.ROBINSON@sakilacustomer.org,1,2006-02-14 22:04:36,1688 Okara Way,Nothwest Border Prov,21954,144453869132,Mardan,Pakistan
399,DANNY,ISOM,DANNY.ISOM@sakilacustomer.org,1,2006-02-14 22:04:37,734 Bchar Place,Punjab,30586,280578750435,Okara,Pakistan
25,DEBORAH,WALKER,DEBORAH.WALKER@sakilacustomer.org,1,2006-02-14 22:04:36,934 San Felipe de Puerto Plata Street,Sind,99780,196495945706,Shikarpur,Pakistan
226,MAUREEN,LITTLE,MAUREEN.LITTLE@sakilacustomer.org,1,2006-02-14 22:04:36,201 Effon-Alaiye Way,Asuncion,64344,684192903087,Asuncion,Paraguay
205,EILEEN,CARR,EILEEN.CARR@sakilacustomer.org,1,2006-02-14 22:04:36,1679 Antofagasta Street,Alto Paran,86599,905903574913,Ciudad del Este,Paraguay
345,CARL,ARTIS,CARL.ARTIS@sakilacustomer.org,1,2006-02-14 22:04:37,1628 Nagareyama Lane,Central,60079,20064292617,San Lorenzo,Paraguay
304,DAVID,ROYAL,DAVID.ROYAL@sakilacustomer.org,1,2006-02-14 22:04:37,827 Yuncheng Drive,Callao,79047,504434452842,Callao,Peru
565,JAIME,NETTLES,JAIME.NETTLES@sakilacustomer.org,1,2006-02-14 22:04:37,1746 Faaa Way,Huanuco,32515,863080561151,Huanuco,Peru
122,THELMA,MURRAY,THELMA.MURRAY@sakilacustomer.org,1,2006-02-14 22:04:36,1175 Tanauan Way,Lima,64615,937222955822,Lima,Peru
597,FREDDIE,DUGGAN,FREDDIE.DUGGAN@sakilacustomer.org,1,2006-02-14 22:04:37,1103 Quilmes Boulevard,Piura,52137,644021380889,Sullana,Peru
71,KATHY,JAMES,KATHY.JAMES@sakilacustomer.org,1,2006-02-14 22:04:36,492 Cam Ranh Street,Eastern Visayas,50805,565018274456,Baybay,Philippines
188,MELANIE,ARMSTRONG,MELANIE.ARMSTRONG@sakilacustomer.org,1,2006-02-14 22:04:36,1166 Changhwa Street,Caraga,58852,650752094490,Bayugan,Philippines
94,NORMA,GONZALES,NORMA.GONZALES@sakilacustomer.org,1,2006-02-14 22:04:36,152 Kitwe Parkway,Caraga,53182,835433605312,Bislig,Philippines
371,BILLY,POULIN,BILLY.POULIN@sakilacustomer.org,1,2006-02-14 22:04:37,1061 Ede Avenue,Southern Tagalog,57810,333390595558,Cabuyao,Philippines
388,CRAIG,MORRELL,CRAIG.MORRELL@sakilacustomer.org,1,2006-02-14 22:04:37,717 Changzhou Lane,Southern Tagalog,21615,426255288071,Cavite,Philippines
27,SHIRLEY,ALLEN,SHIRLEY.ALLEN@sakilacustomer.org,1,2006-02-14 22:04:36,217 Botshabelo Place,Southern Mindanao,49521,665356572025,Davao,Philippines
461,DEREK,BLAKELY,DEREK.BLAKELY@sakilacustomer.org,1,2006-02-14 22:04:37,118 Jaffna Loop,Northern Mindanao,10447,325526730021,Gingoog,Philippines
255,IRMA,PEARSON,IRMA.PEARSON@sakilacustomer.org,1,2006-02-14 22:04:36,127 Iwakuni Boulevard,Central Luzon,20777,987442542471,Hagonoy,Philippines
580,ROSS,GREY,ROSS.GREY@sakilacustomer.org,1,2006-02-14 22:04:37,951 Springs Lane,Central Mindanao,96115,165164761435,Iligan,Philippines
349,JOE,GILLILAND,JOE.GILLILAND@sakilacustomer.org,1,2006-02-14 22:04:37,953 Hodeida Street,Southern Tagalog,18841,53912826864,Imus,Philippines
244,VIOLA,HANSON,VIOLA.HANSON@sakilacustomer.org,1,2006-02-14 22:04:36,582 Papeete Loop,Central Visayas,27722,569868543137,Lapu-Lapu,Philippines
263,HILDA,HOPKINS,HILDA.HOPKINS@sakilacustomer.org,1,2006-02-14 22:04:36,1831 Nam Dinh Loop,National Capital Reg,51990,322888976727,Mandaluyong,Philippines
434,EDDIE,TOMLIN,EDDIE.TOMLIN@sakilacustomer.org,1,2006-02-14 22:04:37,1351 Aparecida de Goinia Parkway,Northern Mindanao,41775,959834530529,Ozamis,Philippines
522,ARNOLD,HAVENS,ARNOLD.HAVENS@sakilacustomer.org,1,2006-02-14 22:04:37,1176 Southend-on-Sea Manor,Southern Tagalog,81651,236679267178,Santa Rosa,Philippines
72,THERESA,WATSON,THERESA.WATSON@sakilacustomer.org,1,2006-02-14 22:04:36,89 Allappuzha (Alleppey) Manor,National Capital Reg,75444,255800440636,Taguig,Philippines
505,RAFAEL,ABNEY,RAFAEL.ABNEY@sakilacustomer.org,1,2006-02-14 22:04:37,48 Maracabo Place,Central Luzon,1570,82671830126,Talavera,Philippines
373,LOUIS,LEONE,LOUIS.LEONE@sakilacustomer.org,1,2006-02-14 22:04:37,1191 Tandil Drive,Southern Tagalog,6362,45554316010,Tanauan,Philippines
236,MARCIA,DEAN,MARCIA.DEAN@sakilacustomer.org,1,2006-02-14 22:04:36,1479 Rustenburg Boulevard,Southern Tagalog,18727,727785483194,Tanza,Philippines
548,ALLAN,CORNISH,ALLAN.CORNISH@sakilacustomer.org,1,2006-02-14 22:04:37,947 Trshavn Place,Central Luzon,841,50898428626,Tarlac,Philippines
261,DEANNA,BYRD,DEANNA.BYRD@sakilacustomer.org,1,2006-02-14 22:04:36,862 Xintai Lane,Cagayan Valley,30065,265153400632,Tuguegarao,Philippines
318,BRIAN,WYMAN,BRIAN.WYMAN@sakilacustomer.org,1,2006-02-14 22:04:37,1769 Iwaki Lane,Kujawsko-Pomorskie,25787,556100547674,Bydgoszcz,Poland
572,SIDNEY,BURLESON,SIDNEY.BURLESON@sakilacustomer.org,1,2006-02-14 22:04:37,1405 Hagonoy Avenue,Slaskie,86587,867287719310,Czestochowa,Poland
128,MARJORIE,TUCKER,MARJORIE.TUCKER@sakilacustomer.org,1,2006-02-14 22:04:36,1050 Garden Grove Avenue,Slaskie,4999,973047364353,Jastrzebie-Zdroj,Poland
270,LEAH,CURTIS,LEAH.CURTIS@sakilacustomer.org,1,2006-02-14 22:04:36,906 Goinia Way,Wielkopolskie,83565,701767622697,Kalisz,Poland
501,RUBEN,GEARY,RUBEN.GEARY@sakilacustomer.org,1,2006-02-14 22:04:37,414 Mandaluyong Street,Lubelskie,16370,52709222667,Lublin,Poland
571,JOHNNIE,CHISHOLM,JOHNNIE.CHISHOLM@sakilacustomer.org,1,2006-02-14 22:04:37,1501 Pangkal Pinang Avenue,Mazowieckie,943,770864062795,Plock,Poland
380,RUSSELL,BRINSON,RUSSELL.BRINSON@sakilacustomer.org,1,2006-02-14 22:04:37,1642 Charlotte Amalie Drive,Slaskie,75442,821476736117,Tychy,Poland
558,JIMMIE,EGGLESTON,JIMMIE.EGGLESTON@sakilacustomer.org,0,2006-02-14 22:04:37,505 Madiun Boulevard,Dolnoslaskie,97271,970638808606,Wroclaw,Poland
360,RALPH,MADRIGAL,RALPH.MADRIGAL@sakilacustomer.org,1,2006-02-14 22:04:37,1009 Zanzibar Lane,Arecibo,64875,102396298916,Arecibo,Puerto Rico
282,JENNY,CASTRO,JENNY.CASTRO@sakilacustomer.org,1,2006-02-14 22:04:37,1405 Chisinau Place,Ponce,8160,62781725285,Ponce,Puerto Rico
230,JOY,GEORGE,JOY.GEORGE@sakilacustomer.org,1,2006-02-14 22:04:36,1256 Bislig Boulevard,Botosani,50598,479007229460,Botosani,Romania
563,KEN,PREWITT,KEN.PREWITT@sakilacustomer.org,1,2006-02-14 22:04:37,1342 Abha Boulevard,Bukarest,10714,997453607116,Bucuresti,Romania
148,ELEANOR,HUNT,ELEANOR.HUNT@sakilacustomer.org,1,2006-02-14 22:04:36,1952 Pune Lane,Saint-Denis,92150,354615066969,Saint-Denis,Reunion
397,JIMMY,SCHRADER,JIMMY.SCHRADER@sakilacustomer.org,1,2006-02-14 22:04:37,616 Hagonoy Avenue,Krasnojarsk,46043,604177838256,Atsinsk,Russian Federation
55,DORIS,REED,DORIS.REED@sakilacustomer.org,1,2006-02-14 22:04:36,1697 Kowloon and New Kowloon Loop,Moskova,57807,499352017190,Balasiha,Russian Federation
430,RAY,HOULE,RAY.HOULE@sakilacustomer.org,1,2006-02-14 22:04:37,740 Udaipur Lane,Nizni Novgorod,33505,497288595103,Dzerzinsk,Russian Federation
17,DONNA,THOMPSON,DONNA.THOMPSON@sakilacustomer.org,1,2006-02-14 22:04:36,270 Toulon Boulevard,Kalmykia,81766,407752414682,Elista,Russian Federation
106,CONNIE,WALLACE,CONNIE.WALLACE@sakilacustomer.org,1,2006-02-14 22:04:36,1867 San Juan Bautista Tuxtepec Avenue,Ivanovo,78311,547003310357,Ivanovo,Russian Federation
222,DELORES,HANSEN,DELORES.HANSEN@sakilacustomer.org,1,2006-02-14 22:04:36,810 Palghat (Palakkad) Boulevard,Jaroslavl,73431,516331171356,Jaroslavl,Russian Federation
100,ROBIN,HAYES,ROBIN.HAYES@sakilacustomer.org,1,2006-02-14 22:04:36,1913 Kamakura Place,Lipetsk,97287,942570536750,Jelets,Russian Federation
301,ROBERT,BAUGHMAN,ROBERT.BAUGHMAN@sakilacustomer.org,1,2006-02-14 22:04:37,1883 Maikop Lane,Kaliningrad,68469,96110042435,Kaliningrad,Russian Federation
510,BEN,EASTER,BEN.EASTER@sakilacustomer.org,0,2006-02-14 22:04:37,886 Tonghae Place,Volgograd,19450,711928348157,Kamysin,Russian Federation
179,DANA,HART,DANA.HART@sakilacustomer.org,1,2006-02-14 22:04:36,1089 Iwatsuki Avenue,Kirov,35109,866092335135,Kirovo-Tsepetsk,Russian Federation
295,DAISY,BATES,DAISY.BATES@sakilacustomer.org,1,2006-02-14 22:04:37,661 Chisinau Lane,Pietari,8856,816436065431,Kolpino,Russian Federation
393,PHILIP,CAUSEY,PHILIP.CAUSEY@sakilacustomer.org,1,2006-02-14 22:04:37,954 Lapu-Lapu Way,Moskova,8816,737229003916,Korolev,Russian Federation
376,RANDY,GAITHER,RANDY.GAITHER@sakilacustomer.org,1,2006-02-14 22:04:37,1618 Olomouc Manor,Kurgan,26385,96846695220,Kurgan,Russian Federation
311,PAUL,TROUT,PAUL.TROUT@sakilacustomer.org,1,2006-02-14 22:04:37,746 Joliet Lane,Kursk,94878,688485191923,Kursk,Russian Federation
44,MARIE,TURNER,MARIE.TURNER@sakilacustomer.org,1,2006-02-14 22:04:36,1998 Halifax Drive,Lipetsk,76022,177727722820,Lipetsk,Russian Federation
160,ERIN,DUNN,ERIN.DUNN@sakilacustomer.org,1,2006-02-14 22:04:36,1623 Baha Blanca Manor,Moskova,81511,149981248346,Ljubertsy,Russian Federation
346,ARTHUR,SIMPKINS,ARTHUR.SIMPKINS@sakilacustomer.org,1,2006-02-14 22:04:37,1157 Nyeri Loop,Adygea,56380,262744791493,Maikop,Russian Federation
46,CATHERINE,CAMPBELL,CATHERINE.CAMPBELL@sakilacustomer.org,1,2006-02-14 22:04:36,46 Pjatigorsk Lane,Moscow (City),23616,262076994845,Moscow,Russian Federation
447,CLIFFORD,BOWENS,CLIFFORD.BOWENS@sakilacustomer.org,1,2006-02-14 22:04:37,207 Cuernavaca Loop,Tatarstan,52671,782900030287,Nabereznyje Tselny,Russian Federation
48,ANN,EVANS,ANN.EVANS@sakilacustomer.org,1,2006-02-14 22:04:36,909 Garland Manor,Tatarstan,69367,705800322606,Niznekamsk,Russian Federation
191,JEANETTE,GREENE,JEANETTE.GREENE@sakilacustomer.org,1,2006-02-14 22:04:36,1077 San Felipe de Puerto Plata Place,Rostov-na-Donu,65387,812824036424,Novotserkassk,Russian Federation
487,HECTOR,POINDEXTER,HECTOR.POINDEXTER@sakilacustomer.org,1,2006-02-14 22:04:37,185 Mannheim Lane,Stavropol,23661,589377568313,Pjatigorsk,Russian Federation
567,ALFREDO,MCADAMS,ALFREDO.MCADAMS@sakilacustomer.org,1,2006-02-14 22:04:37,1407 Surakarta Manor,Moskova,33224,324346485054,Serpuhov,Russian Federation
127,ELAINE,STEVENS,ELAINE.STEVENS@sakilacustomer.org,1,2006-02-14 22:04:36,801 Hagonoy Drive,Smolensk,8439,237426099212,Smolensk,Russian Federation
428,HERBERT,KRUGER,HERBERT.KRUGER@sakilacustomer.org,1,2006-02-14 22:04:37,1823 Hoshiarpur Lane,Komi,33191,307133768620,Syktyvkar,Russian Federation
350,JUAN,FRALEY,JUAN.FRALEY@sakilacustomer.org,1,2006-02-14 22:04:37,469 Nakhon Sawan Street,Tuvassia,58866,689199636560,Tseboksary,Russian Federation
462,WARREN,SHERROD,WARREN.SHERROD@sakilacustomer.org,1,2006-02-14 22:04:37,1621 Tongliao Avenue,Irkutsk,22173,209342540247,Usolje-Sibirskoje,Russian Federation
351,JACK,FOUST,JACK.FOUST@sakilacustomer.org,1,2006-02-14 22:04:37,1378 Beira Loop,Krasnojarsk,40792,840957664136,Zeleznogorsk,Russian Federation
326,JOSE,ANDREW,JOSE.ANDREW@sakilacustomer.org,1,2006-02-14 22:04:37,1016 Iwakuni Street,St George,49833,961370847344,Kingstown,Saint Vincent and the Grenadines
101,PEGGY,MYERS,PEGGY.MYERS@sakilacustomer.org,1,2006-02-14 22:04:36,733 Mandaluyong Place,Asir,77459,196568435814,Abha,Saudi Arabia
70,CHRISTINA,RAMIREZ,CHRISTINA.RAMIREZ@sakilacustomer.org,1,2006-02-14 22:04:36,1124 Buenaventura Drive,Mekka,6856,407733804223,al-Hawiya,Saudi Arabia
417,TRAVIS,ESTEP,TRAVIS.ESTEP@sakilacustomer.org,1,2006-02-14 22:04:37,289 Santo Andr Manor,al-Sharqiya,72410,214976066017,al-Qatif,Saudi Arabia
49,JOYCE,EDWARDS,JOYCE.EDWARDS@sakilacustomer.org,1,2006-02-14 22:04:36,725 Isesaki Place,Mekka,74428,876295323994,Jedda,Saudi Arabia
312,MARK,RINEHART,MARK.RINEHART@sakilacustomer.org,1,2006-02-14 22:04:37,780 Kimberley Way,Tabuk,17032,824396883951,Tabuk,Saudi Arabia
456,RONNIE,RICKETTS,RONNIE.RICKETTS@sakilacustomer.org,1,2006-02-14 22:04:37,1889 Valparai Way,Ziguinchor,75559,670370974122,Ziguinchor,Senegal
357,KEITH,RICO,KEITH.RICO@sakilacustomer.org,1,2006-02-14 22:04:37,482 Kowloon and New Kowloon Manor,Bratislava,97056,738968474939,Bratislava,Slovakia
125,ETHEL,WEBB,ETHEL.WEBB@sakilacustomer.org,1,2006-02-14 22:04:36,569 Baicheng Lane,Gauteng,60304,490211944645,Boksburg,South Africa
132,ESTHER,CRAWFORD,ESTHER.CRAWFORD@sakilacustomer.org,1,2006-02-14 22:04:36,898 Belm Manor,Free State,49757,707169393853,Botshabelo,South Africa
555,DWIGHT,LOMBARDI,DWIGHT.LOMBARDI@sakilacustomer.org,1,2006-02-14 22:04:37,1497 Fengshan Drive,KwaZulu-Natal,63022,368738360376,Chatsworth,South Africa
471,DEAN,SAUER,DEAN.SAUER@sakilacustomer.org,1,2006-02-14 22:04:37,270 Tambaram Parkway,Gauteng,9668,248446668735,Johannesburg,South Africa
19,RUTH,MARTINEZ,RUTH.MARTINEZ@sakilacustomer.org,1,2006-02-14 22:04:36,1417 Lancaster Avenue,Northern Cape,72192,272572357893,Kimberley,South Africa
109,EDNA,WEST,EDNA.WEST@sakilacustomer.org,1,2006-02-14 22:04:36,682 Junan Way,North West,30418,622255216127,Klerksdorp,South Africa
432,EDWIN,BURK,EDWIN.BURK@sakilacustomer.org,1,2006-02-14 22:04:37,1766 Almirante Brown Street,KwaZulu-Natal,63104,617567598243,Newcastle,South Africa
338,DENNIS,GILMAN,DENNIS.GILMAN@sakilacustomer.org,1,2006-02-14 22:04:37,1443 Mardan Street,Western Cape,31483,231383037471,Paarl,South Africa
407,DALE,RATCLIFF,DALE.RATCLIFF@sakilacustomer.org,1,2006-02-14 22:04:37,1639 Saarbrcken Drive,North West,9827,328494873422,Rustenburg,South Africa
145,LUCILLE,HOLMES,LUCILLE.HOLMES@sakilacustomer.org,1,2006-02-14 22:04:36,999 Sanaa Loop,Gauteng,3439,918032330119,Soshanguve,South Africa
83,LOUISE,JENKINS,LOUISE.JENKINS@sakilacustomer.org,1,2006-02-14 22:04:36,929 Tallahassee Loop,Gauteng,74671,800716535041,Springs,South Africa
88,BONNIE,HUGHES,BONNIE.HUGHES@sakilacustomer.org,1,2006-02-14 22:04:36,1942 Ciparay Parkway,Cheju,82624,978987363654,Cheju,South Korea
99,EMILY,DIAZ,EMILY.DIAZ@sakilacustomer.org,1,2006-02-14 22:04:36,588 Vila Velha Manor,Kyongsangbuk,51540,333339908719,Kimchon,South Korea
237,TANYA,GILBERT,TANYA.GILBERT@sakilacustomer.org,1,2006-02-14 22:04:36,647 A Corua (La Corua) Street,Chollanam,36971,792557457753,Naju,South Korea
536,FERNANDO,CHURCHILL,FERNANDO.CHURCHILL@sakilacustomer.org,1,2006-02-14 22:04:37,193 Bhusawal Place,Kang-won,9750,745267607502,Tonghae,South Korea
245,COURTNEY,DAY,COURTNEY.DAY@sakilacustomer.org,1,2006-02-14 22:04:36,300 Junan Street,Kyonggi,81314,890289150158,Uijongbu,South Korea
52,JULIE,SANCHEZ,JULIE.SANCHEZ@sakilacustomer.org,1,2006-02-14 22:04:36,939 Probolinggo Loop,Galicia,4166,680428310138,A Coruna (La Coruna),Spain
293,MAE,FLETCHER,MAE.FLETCHER@sakilacustomer.org,1,2006-02-14 22:04:37,44 Najafabad Way,Baskimaa,61391,96604821070,Donostia-San Sebastian,Spain
394,CHRIS,BROTHERS,CHRIS.BROTHERS@sakilacustomer.org,1,2006-02-14 22:04:37,331 Bydgoszcz Parkway,Asturia,966,537374465982,Gijon,Spain
469,WESLEY,BULL,WESLEY.BULL@sakilacustomer.org,1,2006-02-14 22:04:37,1469 Plock Lane,Galicia,95835,622884741180,Ourense (Orense),Spain
549,NELSON,CHRISTENSON,NELSON.CHRISTENSON@sakilacustomer.org,1,2006-02-14 22:04:37,1764 Jalib al-Shuyukh Parkway,Galicia,77642,84794532510,Santiago de Compostela,Spain
408,MANUEL,MURRELL,MANUEL.MURRELL@sakilacustomer.org,1,2006-02-14 22:04:37,692 Amroha Drive,Northern,35575,359478883004,Jaffna,Sri Lanka
395,JOHNNY,TURPIN,JOHNNY.TURPIN@sakilacustomer.org,1,2006-02-14 22:04:37,1152 Citrus Heights Manor,al-Qadarif,5239,765957414528,al-Qadarif,Sudan
50,DIANE,COLLINS,DIANE.COLLINS@sakilacustomer.org,1,2006-02-14 22:04:36,115 Hidalgo Parkway,Khartum,80168,307703950263,Omdurman,Sudan
66,JANICE,WARD,JANICE.WARD@sakilacustomer.org,1,2006-02-14 22:04:36,1150 Kimchon Manor,Skne ln,96109,663449333709,Malmo,Sweden
61,KATHERINE,RIVERA,KATHERINE.RIVERA@sakilacustomer.org,1,2006-02-14 22:04:36,915 Ponce Place,Basel-Stadt,83980,1395251317,Basel,Switzerland
155,GAIL,KNIGHT,GAIL.KNIGHT@sakilacustomer.org,1,2006-02-14 22:04:36,185 Novi Sad Place,Bern,41778,904253967161,Bern,Switzerland
598,WADE,DELVALLE,WADE.DELVALLE@sakilacustomer.org,1,2006-02-14 22:04:37,1331 Usak Boulevard,Vaud,61960,145308717464,Lausanne,Switzerland
75,TAMMY,SANDERS,TAMMY.SANDERS@sakilacustomer.org,1,2006-02-14 22:04:36,1551 Rampur Lane,Changhwa,72394,251164340471,Changhwa,Taiwan
73,BEVERLY,BROOKS,BEVERLY.BROOKS@sakilacustomer.org,1,2006-02-14 22:04:36,1947 Poos de Caldas Boulevard,Chiayi,60951,427454485876,Chiayi,Taiwan
517,BRAD,MCCURDY,BRAD.MCCURDY@sakilacustomer.org,1,2006-02-14 22:04:37,608 Birgunj Parkway,Taipei,400,627425618482,Chungho,Taiwan
576,MORRIS,MCCARTER,MORRIS.MCCARTER@sakilacustomer.org,1,2006-02-14 22:04:37,1568 Celaya Parkway,Kaohsiung,34750,278669994384,Fengshan,Taiwan
348,ROGER,QUINTANILLA,ROGER.QUINTANILLA@sakilacustomer.org,1,2006-02-14 22:04:37,381 Kabul Way,Taipei,87272,55477302294,Hsichuh,Taiwan
30,MELISSA,KING,MELISSA.KING@sakilacustomer.org,1,2006-02-14 22:04:36,1668 Anpolis Street,Taipei,50199,525255540978,Lungtan,Taiwan
5,ELIZABETH,BROWN,ELIZABETH.BROWN@sakilacustomer.org,1,2006-02-14 22:04:36,53 Idfu Parkway,Nantou,42399,10655648674,Nantou,Taiwan
577,CLIFTON,MALCOLM,CLIFTON.MALCOLM@sakilacustomer.org,1,2006-02-14 22:04:37,1489 Kakamigahara Lane,Taipei,98883,29341849811,Tanshui,Taiwan
139,AMBER,DIXON,AMBER.DIXON@sakilacustomer.org,1,2006-02-14 22:04:36,1029 Dzerzinsk Manor,Ynlin,57519,33173584456,Touliu,Taiwan
586,KIRK,STCLAIR,KIRK.STCLAIR@sakilacustomer.org,1,2006-02-14 22:04:37,1923 Stara Zagora Lane,Nantou,95179,182178609211,Tsaotun,Taiwan
481,HERMAN,DEVORE,HERMAN.DEVORE@sakilacustomer.org,1,2006-02-14 22:04:37,64 Korla Street,Mwanza,25145,510383179153,Mwanza,Tanzania
190,YOLANDA,WEAVER,YOLANDA.WEAVER@sakilacustomer.org,1,2006-02-14 22:04:36,605 Rio Claro Parkway,Tabora,49348,352469351088,Tabora,Tanzania
220,CHARLENE,ALVAREZ,CHARLENE.ALVAREZ@sakilacustomer.org,1,2006-02-14 22:04:36,1842 Luzinia Boulevard,Zanzibar West,94420,706878974831,Zanzibar,Tanzania
390,SHAWN,HEATON,SHAWN.HEATON@sakilacustomer.org,1,2006-02-14 22:04:37,1337 Mit Ghamr Avenue,Nakhon Sawan,29810,175283210378,Nakhon Sawan,Thailand
42,CAROLYN,PEREZ,CAROLYN.PEREZ@sakilacustomer.org,1,2006-02-14 22:04:36,1632 Bislig Avenue,Nonthaburi,61117,471675840679,Pak Kret,Thailand
86,JACQUELINE,LONG,JACQUELINE.LONG@sakilacustomer.org,1,2006-02-14 22:04:36,870 Ashqelon Loop,Songkhla,84931,135117278909,Songkhla,Thailand
344,HENRY,BILLINGSLEY,HENRY.BILLINGSLEY@sakilacustomer.org,1,2006-02-14 22:04:37,1516 Escobar Drive,Tongatapu,46069,64536069371,Nuku'alofa,Tonga
335,GREGORY,MAULDIN,GREGORY.MAULDIN@sakilacustomer.org,1,2006-02-14 22:04:37,507 Smolensk Loop,Sousse,22971,80303246192,Sousse,Tunisia
327,LARRY,THRASHER,LARRY.THRASHER@sakilacustomer.org,1,2006-02-14 22:04:37,663 Baha Blanca Parkway,Adana,33463,834418779292,Adana,Turkey
366,BRANDON,HUEY,BRANDON.HUEY@sakilacustomer.org,1,2006-02-14 22:04:37,1912 Emeishan Drive,Balikesir,33050,99883471275,Balikesir,Turkey
172,BERNICE,WILLIS,BERNICE.WILLIS@sakilacustomer.org,1,2006-02-14 22:04:36,29 Pyongyang Loop,Batman,47753,734780743462,Batman,Turkey
483,VERNON,CHAPA,VERNON.CHAPA@sakilacustomer.org,1,2006-02-14 22:04:37,698 Jelets Boulevard,Denizli,2596,975185523021,Denizli,Turkey
507,EDGAR,RHOADS,EDGAR.RHOADS@sakilacustomer.org,1,2006-02-14 22:04:37,1269 Ipoh Avenue,Eskisehir,54674,402630109080,Eskisehir,Turkey
480,COREY,HAUSER,COREY.HAUSER@sakilacustomer.org,1,2006-02-14 22:04:37,984 Novoterkassk Loop,Gaziantep,28165,435118527255,Gaziantep,Turkey
278,BILLIE,HORTON,BILLIE.HORTON@sakilacustomer.org,1,2006-02-14 22:04:37,457 Tongliao Loop,Bursa,56254,880756161823,Inegol,Turkey
143,LESLIE,GORDON,LESLIE.GORDON@sakilacustomer.org,1,2006-02-14 22:04:36,374 Bat Yam Boulevard,Kilis,97700,923261616249,Kilis,Turkey
124,SHEILA,WELLS,SHEILA.WELLS@sakilacustomer.org,0,2006-02-14 22:04:36,848 Tafuna Manor,Kutahya,45142,614935229095,Kutahya,Turkey
13,KAREN,JACKSON,KAREN.JACKSON@sakilacustomer.org,1,2006-02-14 22:04:36,270 Amroha Parkway,Osmaniye,29610,695479687538,Osmaniye,Turkey
518,GABRIEL,HARDER,GABRIEL.HARDER@sakilacustomer.org,1,2006-02-14 22:04:37,680 A Corua (La Corua) Manor,Sivas,49806,158326114853,Sivas,Turkey
493,BRENT,HARKINS,BRENT.HARKINS@sakilacustomer.org,1,2006-02-14 22:04:37,319 Plock Parkway,Istanbul,26101,854259976812,Sultanbeyli,Turkey
164,JOANN,GARDNER,JOANN.GARDNER@sakilacustomer.org,1,2006-02-14 22:04:36,842 Salzburg Lane,Adana,3313,697151428760,Tarsus,Turkey
566,CASEY,MENA,CASEY.MENA@sakilacustomer.org,1,2006-02-14 22:04:37,539 Hami Way,Tokat,52196,525518075499,Tokat,Turkey
204,ROSEMARY,SCHMIDT,ROSEMARY.SCHMIDT@sakilacustomer.org,1,2006-02-14 22:04:36,1215 Pyongyang Parkway,Usak,25238,646237101779,Usak,Turkey
200,JEANNE,LAWSON,JEANNE.LAWSON@sakilacustomer.org,1,2006-02-14 22:04:36,387 Mwene-Ditu Drive,Ahal,8073,764477681869,Ashgabat,Turkmenistan
105,DAWN,SULLIVAN,DAWN.SULLIVAN@sakilacustomer.org,1,2006-02-14 22:04:36,454 Nakhon Sawan Boulevard,Funafuti,76383,963887147572,Funafuti,Tuvalu
386,TODD,TAN,TODD.TAN@sakilacustomer.org,1,2006-02-14 22:04:37,1793 Meixian Place,Hmelnytskyi,33535,619966287415,Kamjanets-Podilskyi,Ukraine
545,JULIO,NOLAND,JULIO.NOLAND@sakilacustomer.org,1,2006-02-14 22:04:37,182 Nuku'alofa Drive,Sumy,15414,426346224043,Konotop,Ukraine
131,MONICA,HICKS,MONICA.HICKS@sakilacustomer.org,1,2006-02-14 22:04:36,1752 So Leopoldo Parkway,Taka-Karpatia,14014,252265130067,Mukatseve,Ukraine
475,PEDRO,CHESTNUT,PEDRO.CHESTNUT@sakilacustomer.org,1,2006-02-14 22:04:37,421 Yaound Street,Sumy,11363,726875628268,Sostka,Ukraine
82,KATHRYN,COLEMAN,KATHRYN.COLEMAN@sakilacustomer.org,1,2006-02-14 22:04:36,927 Baha Blanca Parkway,Krim,9495,821972242086,Simferopol,Ukraine
187,BRITTANY,RILEY,BRITTANY.RILEY@sakilacustomer.org,1,2006-02-14 22:04:36,140 Chiayi Parkway,Sumy,38982,855863906434,Sumy,Ukraine
452,TOM,MILNER,TOM.MILNER@sakilacustomer.org,1,2006-02-14 22:04:37,535 Ahmadnagar Manor,Abu Dhabi,41136,985109775584,Abu Dhabi,United Arab Emirates
98,LILLIAN,GRIFFIN,LILLIAN.GRIFFIN@sakilacustomer.org,1,2006-02-14 22:04:36,669 Firozabad Loop,Abu Dhabi,92265,412903167998,al-Ayn,United Arab Emirates
292,MISTY,LAMBERT,MISTY.LAMBERT@sakilacustomer.org,1,2006-02-14 22:04:37,1192 Tongliao Street,Sharja,19065,350970907017,Sharja,United Arab Emirates
85,ANNE,POWELL,ANNE.POWELL@sakilacustomer.org,1,2006-02-14 22:04:36,1557 Ktahya Boulevard,England,88002,720998247660,Bradford,United Kingdom
142,APRIL,BURNS,APRIL.BURNS@sakilacustomer.org,1,2006-02-14 22:04:36,483 Ljubertsy Parkway,Scotland,60562,581174211853,Dundee,United Kingdom
252,MATTIE,HOFFMAN,MATTIE.HOFFMAN@sakilacustomer.org,1,2006-02-14 22:04:36,1497 Yuzhou Drive,England,3433,246810237916,London,United Kingdom
512,CECIL,VINES,CECIL.VINES@sakilacustomer.org,1,2006-02-14 22:04:37,548 Uruapan Street,Ontario,35653,879347453467,London,United Kingdom
583,MARSHALL,THORN,MARSHALL.THORN@sakilacustomer.org,1,2006-02-14 22:04:37,1584 Ljubertsy Lane,England,22954,285710089439,Southampton,United Kingdom
16,SANDRA,MARTIN,SANDRA.MARTIN@sakilacustomer.org,0,2006-02-14 22:04:36,360 Toulouse Parkway,England,54308,949312333307,Southend-on-Sea,United Kingdom
556,ARMANDO,GRUBER,ARMANDO.GRUBER@sakilacustomer.org,1,2006-02-14 22:04:37,869 Shikarpur Way,England,57380,590764256785,Southport,United Kingdom
477,DAN,PAINE,DAN.PAINE@sakilacustomer.org,1,2006-02-14 22:04:37,808 Naala-Porto Parkway,England,41060,553452430707,Stockport,United Kingdom
497,GILBERT,SLEDGE,GILBERT.SLEDGE@sakilacustomer.org,1,2006-02-14 22:04:37,1515 Korla Way,England,57197,959467760895,York,United Kingdom
479,ZACHARY,HITE,ZACHARY.HITE@sakilacustomer.org,1,2006-02-14 22:04:37,98 Pyongyang Boulevard,Ohio,88749,191958435142,Akron,United States
305,RICHARD,MCCRARY,RICHARD.MCCRARY@sakilacustomer.org,1,2006-02-14 22:04:37,913 Coacalco de Berriozbal Loop,Texas,42141,262088367001,Arlington,United States
96,DIANA,ALEXANDER,DIANA.ALEXANDER@sakilacustomer.org,1,2006-02-14 22:04:36,1308 Arecibo Way,Georgia,30695,6171054059,Augusta-Richmond County,United States
330,SCOTT,SHELLEY,SCOTT.SHELLEY@sakilacustomer.org,1,2006-02-14 22:04:37,587 Benguela Manor,Illinois,91590,165450987037,Aurora,United States
537,CLINTON,BUFORD,CLINTON.BUFORD@sakilacustomer.org,1,2006-02-14 22:04:37,43 Vilnius Manor,Colorado,79814,484500282381,Aurora,United States
212,WILMA,RICHARDS,WILMA.RICHARDS@sakilacustomer.org,1,2006-02-14 22:04:36,660 Jedda Boulevard,Washington,25053,168758068397,Bellevue,United States
149,VALERIE,BLACK,VALERIE.BLACK@sakilacustomer.org,1,2006-02-14 22:04:36,782 Mosul Street,Massachusetts,25545,885899703621,Brockton,United States
526,KARL,SEAL,KARL.SEAL@sakilacustomer.org,1,2006-02-14 22:04:37,1427 Tabuk Place,Florida,31342,214756839122,Cape Coral,United States
14,BETTY,WHITE,BETTY.WHITE@sakilacustomer.org,1,2006-02-14 22:04:36,770 Bydgoszcz Avenue,California,16266,517338314235,Citrus Heights,United States
140,EVA,RAMOS,EVA.RAMOS@sakilacustomer.org,1,2006-02-14 22:04:36,1666 Beni-Mellal Place,Tennessee,13377,9099941466,Clarksville,United States
182,RENEE,LANE,RENEE.LANE@sakilacustomer.org,1,2006-02-14 22:04:36,533 al-Ayn Boulevard,California,8862,662227486184,Compton,United States
400,BRYAN,HARDISON,BRYAN.HARDISON@sakilacustomer.org,1,2006-02-14 22:04:37,530 Lausanne Lane,Texas,11067,775235029633,Dallas,United States
294,SHELLY,WATTS,SHELLY.WATTS@sakilacustomer.org,1,2006-02-14 22:04:37,32 Pudukkottai Lane,Ohio,38834,967274728547,Dayton,United States
420,JACOB,LANCE,JACOB.LANCE@sakilacustomer.org,1,2006-02-14 22:04:37,1866 al-Qatif Avenue,California,89420,546793516940,El Monte,United States
51,ALICE,STEWART,ALICE.STEWART@sakilacustomer.org,1,2006-02-14 22:04:36,1135 Izumisano Parkway,California,48150,171822533480,Fontana,United States
593,RENE,MCALISTER,RENE.MCALISTER@sakilacustomer.org,1,2006-02-14 22:04:37,1895 Zhezqazghan Drive,California,36693,137809746111,Garden Grove,United States
561,IAN,STILL,IAN.STILL@sakilacustomer.org,1,2006-02-14 22:04:37,1894 Boa Vista Way,Texas,77464,239357986667,Garland,United States
118,KIM,CRUZ,KIM.CRUZ@sakilacustomer.org,1,2006-02-14 22:04:36,333 Goinia Way,Texas,78625,909029256431,Grand Prairie,United States
158,VERONICA,STONE,VERONICA.STONE@sakilacustomer.org,1,2006-02-14 22:04:36,369 Papeete Way,North Carolina,66639,170117068815,Greensboro,United States
504,NATHANIEL,ADAM,NATHANIEL.ADAM@sakilacustomer.org,1,2006-02-14 22:04:37,786 Matsue Way,Illinois,37469,111177206479,Joliet,United States
308,THOMAS,GRIGSBY,THOMAS.GRIGSBY@sakilacustomer.org,1,2006-02-14 22:04:37,1191 Sungai Petani Boulevard,Missouri,9668,983259819766,Kansas City,United States
112,ROSA,REYNOLDS,ROSA.REYNOLDS@sakilacustomer.org,1,2006-02-14 22:04:36,793 Cam Ranh Avenue,California,87057,824370924746,Lancaster,United States
6,JENNIFER,DAVIS,JENNIFER.DAVIS@sakilacustomer.org,1,2006-02-14 22:04:36,1795 Santiago de Compostela Way,Texas,18743,860452626434,Laredo,United States
63,ASHLEY,RICHARDSON,ASHLEY.RICHARDSON@sakilacustomer.org,1,2006-02-14 22:04:36,1214 Hanoi Way,Nebraska,67055,491001136577,Lincoln,United States
382,VICTOR,BARKLEY,VICTOR.BARKLEY@sakilacustomer.org,1,2006-02-14 22:04:37,401 Sucre Boulevard,New Hampshire,25007,486395999608,Manchester,United States
181,ANA,BRADLEY,ANA.BRADLEY@sakilacustomer.org,1,2006-02-14 22:04:36,682 Garden Grove Place,Tennessee,67497,72136330362,Memphis,United States
275,CAROLE,BARNETT,CAROLE.BARNETT@sakilacustomer.org,1,2006-02-14 22:04:37,1980 Kamjanets-Podilskyi Street,Illinois,89502,874337098891,Peoria,United States
291,TONI,HOLT,TONI.HOLT@sakilacustomer.org,1,2006-02-14 22:04:37,1936 Cuman Avenue,Virginia,61195,976798660411,Roanoke,United States
457,BILL,GAVIN,BILL.GAVIN@sakilacustomer.org,1,2006-02-14 22:04:37,1485 Bratislava Place,Illinois,83183,924663855568,Rockford,United States
62,JOAN,COOPER,JOAN.COOPER@sakilacustomer.org,1,2006-02-14 22:04:36,1717 Guadalajara Lane,Missouri,85505,914090181665,Saint Louis,United States
269,CASSANDRA,WALTERS,CASSANDRA.WALTERS@sakilacustomer.org,1,2006-02-14 22:04:36,920 Kumbakonam Loop,California,75090,685010736240,Salinas,United States
2,PATRICIA,JOHNSON,PATRICIA.JOHNSON@sakilacustomer.org,1,2006-02-14 22:04:36,1121 Loja Avenue,California,17886,838635286649,San Bernardino,United States
146,JAMIE,RICE,JAMIE.RICE@sakilacustomer.org,1,2006-02-14 22:04:36,879 Newcastle Way,Michigan,90732,206841104594,Sterling Heights,United States
214,KRISTIN,JOHNSTON,KRISTIN.JOHNSTON@sakilacustomer.org,1,2006-02-14 22:04:36,226 Brest Manor,California,2299,785881412500,Sunnyvale,United States
248,CAROLINE,BOWMAN,CAROLINE.BOWMAN@sakilacustomer.org,1,2006-02-14 22:04:36,1309 Weifang Street,Florida,57338,435785045362,Tallahassee,United States
276,BRANDY,GRAVES,BRANDY.GRAVES@sakilacustomer.org,1,2006-02-14 22:04:37,1944 Bamenda Way,Michigan,24645,75975221996,Warren,United States
568,ALBERTO,HENNING,ALBERTO.HENNING@sakilacustomer.org,1,2006-02-14 22:04:37,502 Mandi Bahauddin Parkway,Anzotegui,15992,618156722572,Barcelona,Venezuela
111,CARMEN,OWENS,CARMEN.OWENS@sakilacustomer.org,1,2006-02-14 22:04:36,1378 Alvorada Avenue,Distrito Federal,75834,272234298332,Caracas,Venezuela
113,CINDY,FISHER,CINDY.FISHER@sakilacustomer.org,1,2006-02-14 22:04:36,1079 Tel Aviv-Jaffa Boulevard,Sucre,10885,358178933857,Cumana,Venezuela
453,CALVIN,MARTEL,CALVIN.MARTEL@sakilacustomer.org,1,2006-02-14 22:04:37,138 Caracas Boulevard,Zulia,16790,974433019532,Maracaibo,Venezuela
174,YVONNE,WATKINS,YVONNE.WATKINS@sakilacustomer.org,1,2006-02-14 22:04:36,1848 Salala Boulevard,Miranda,25220,48265851133,Ocumare del Tuy,Venezuela
539,MATHEW,BOLIN,MATHEW.BOLIN@sakilacustomer.org,1,2006-02-14 22:04:37,163 Augusta-Richmond County Loop,Carabobo,33030,754579047924,Valencia,Venezuela
290,KRISTINA,CHAMBERS,KRISTINA.CHAMBERS@sakilacustomer.org,1,2006-02-14 22:04:37,544 Tarsus Boulevard,Gurico,53145,892523334,Valle de la Pascua,Venezuela
532,NEIL,RENNER,NEIL.RENNER@sakilacustomer.org,1,2006-02-14 22:04:37,1817 Livorno Way,Khanh Hoa,79401,478380208348,Cam Ranh,Vietnam
199,BETH,FRANKLIN,BETH.FRANKLIN@sakilacustomer.org,1,2006-02-14 22:04:36,1149 A Corua (La Corua) Boulevard,Haiphong,95824,470884141195,Haiphong,Vietnam
340,PATRICK,NEWSOM,PATRICK.NEWSOM@sakilacustomer.org,1,2006-02-14 22:04:37,68 Ponce Parkway,Hanoi,85926,870635127812,Hanoi,Vietnam
472,GREG,ROBINS,GREG.ROBINS@sakilacustomer.org,1,2006-02-14 22:04:37,1786 Salinas Place,Nam Ha,66546,206060652238,Nam Dinh,Vietnam
520,MITCHELL,WESTMORELAND,MITCHELL.WESTMORELAND@sakilacustomer.org,1,2006-02-14 22:04:37,617 Klerksdorp Place,Khanh Hoa,94707,574973479129,Nha Trang,Vietnam
523,HARVEY,GUAJARDO,HARVEY.GUAJARDO@sakilacustomer.org,1,2006-02-14 22:04:37,600 Purnea (Purnia) Avenue,Nghe An,18043,638409958875,Vinh,Vietnam
406,NATHAN,RUNYON,NATHAN.RUNYON@sakilacustomer.org,0,2006-02-14 22:04:37,264 Bhimavaram Manor,St Thomas,54749,302526949177,Charlotte Amalie,"Virgin Islands, U.S."
210,ELLA,OLIVER,ELLA.OLIVER@sakilacustomer.org,1,2006-02-14 22:04:36,751 Lima Loop,Aden,99405,756460337785,Aden,Yemen
470,GORDON,ALLARD,GORDON.ALLARD@sakilacustomer.org,1,2006-02-14 22:04:37,434 Ourense (Orense) Manor,Hodeida,14122,562370137426,Hodeida,Yemen
303,WILLIAM,SATTERFIELD,WILLIAM.SATTERFIELD@sakilacustomer.org,1,2006-02-14 22:04:37,687 Alessandria Parkway,Sanaa,57587,407218522294,Sanaa,Yemen
213,GINA,WILLIAMSON,GINA.WILLIAMSON@sakilacustomer.org,1,2006-02-14 22:04:36,1001 Miyakonojo Lane,Taizz,67924,584316724815,Taizz,Yemen
7,MARIA,MILLER,MARIA.MILLER@sakilacustomer.org,1,2006-02-14 22:04:36,900 Santiago de Compostela Parkway,Central Serbia,93896,716571220373,Kragujevac,Yugoslavia
553,MAX,PITT,MAX.PITT@sakilacustomer.org,1,2006-02-14 22:04:37,1917 Kumbakonam Parkway,Vojvodina,11892,698182547686,Novi Sad,Yugoslavia
438,BARRY,LOVELACE,BARRY.LOVELACE@sakilacustomer.org,1,2006-02-14 22:04:37,1836 Korla Parkway,Copperbelt,55405,689681677428,Kitwe,Zambia
